datetime,timestamp,open,high,low,close,volume
2024-11-14 21:30:00,1731619800000,88089.7,88220.03,87713.88,88029.71,515.33343
2024-11-14 21:45:00,1731620700000,88029.7,88280.91,87956.0,88227.22,654.46232
2024-11-14 22:00:00,1731621600000,88227.23,88360.0,87453.87,87914.52,435.20324
2024-11-14 22:15:00,1731622500000,87914.51,88190.15,87750.0,87750.0,389.92236
2024-11-14 22:30:00,1731623400000,87750.0,87899.99,87050.0,87899.99,610.1082
2024-11-14 22:45:00,1731624300000,87899.99,88107.07,87574.04,87640.01,439.89753
2024-11-14 23:00:00,1731625200000,87640.01,87771.85,86919.03,86960.0,808.54067
2024-11-14 23:15:00,1731626100000,86960.0,87620.0,86957.94,87444.15,615.11971
2024-11-14 23:30:00,1731627000000,87444.14,87444.15,86668.21,87282.91,816.63963
2024-11-14 23:45:00,1731627900000,87282.92,87408.23,86994.23,87325.59,502.53284
2024-11-15 00:00:00,1731628800000,87325.59,88303.27,87252.0,88105.61,890.50317
2024-11-15 00:15:00,1731629700000,88105.61,88336.0,87953.09,88199.87,449.8487
2024-11-15 00:30:00,1731630600000,88199.88,88435.16,88011.82,88046.5,355.87359
2024-11-15 00:45:00,1731631500000,88046.5,88160.0,87848.48,87870.27,406.12292
2024-11-15 01:00:00,1731632400000,87870.26,88168.63,87655.8,87791.71,484.00231
2024-11-15 01:15:00,1731633300000,87791.7,88026.8,87373.45,87631.58,570.40075
2024-11-15 01:30:00,1731634200000,87631.58,88030.31,87573.02,87975.99,386.32533
2024-11-15 01:45:00,1731635100000,87975.99,88168.61,87848.48,88098.99,267.0636
2024-11-15 02:00:00,1731636000000,88098.99,88188.0,87816.93,88090.9,261.61808
2024-11-15 02:15:00,1731636900000,88090.9,88169.69,87736.0,88020.13,351.76384
2024-11-15 02:30:00,1731637800000,88020.14,88397.61,87990.88,88397.6,315.74086
2024-11-15 02:45:00,1731638700000,88397.61,88443.83,88259.26,88364.07,298.2403
2024-11-15 03:00:00,1731639600000,88364.07,88400.0,88148.36,88212.12,199.62952
2024-11-15 03:15:00,1731640500000,88212.13,88336.78,88116.0,88235.72,238.42145
2024-11-15 03:30:00,1731641400000,88235.73,88473.7,88186.07,88384.85,295.99194
2024-11-15 03:45:00,1731642300000,88384.85,88413.21,88186.07,88218.21,260.97554
2024-11-15 04:00:00,1731643200000,88218.22,88242.43,88071.66,88071.67,199.68271
2024-11-15 04:15:00,1731644100000,88071.66,88108.64,87538.0,87808.0,605.08846
2024-11-15 04:30:00,1731645000000,87807.99,87811.34,87083.0,87381.64,912.77935
2024-11-15 04:45:00,1731645900000,87381.65,87540.0,87073.38,87454.57,421.01202
2024-11-15 05:00:00,1731646800000,87454.58,87748.86,87276.01,87608.55,355.20612
2024-11-15 05:15:00,1731647700000,87608.55,87764.7,87324.52,87760.0,355.95395
2024-11-15 05:30:00,1731648600000,87760.0,87857.14,87681.23,87804.0,235.07279
2024-11-15 05:45:00,1731649500000,87803.99,87860.46,87574.37,87724.0,283.54578
2024-11-15 06:00:00,1731650400000,87724.0,88015.51,87700.0,87904.0,336.5884
2024-11-15 06:15:00,1731651300000,87904.0,88080.0,87888.6,87957.83,278.67357
2024-11-15 06:30:00,1731652200000,87957.83,87978.12,87584.2,87708.95,369.69033
2024-11-15 06:45:00,1731653100000,87708.95,88182.69,87694.66,88182.67,440.95755
2024-11-15 07:00:00,1731654000000,88182.68,88284.94,88046.31,88090.91,279.13825
2024-11-15 07:15:00,1731654900000,88090.9,88391.99,88050.62,88246.11,305.22033
2024-11-15 07:30:00,1731655800000,88246.1,88266.92,87770.0,87931.99,717.22744
2024-11-15 07:45:00,1731656700000,87931.99,87959.99,87588.0,87612.0,788.139
2024-11-15 08:00:00,1731657600000,87612.01,87778.23,87368.0,87446.89,385.86964
2024-11-15 08:15:00,1731658500000,87446.89,87724.0,87446.88,87611.68,303.95389
2024-11-15 08:30:00,1731659400000,87611.68,88159.61,87607.68,88087.28,384.68504
2024-11-15 08:45:00,1731660300000,88087.28,88165.91,88000.0,88082.96,273.39235
2024-11-15 09:00:00,1731661200000,88082.96,88824.89,88024.4,88805.08,655.96167
2024-11-15 09:15:00,1731662100000,88805.08,89333.33,88650.0,89188.01,771.35512
2024-11-15 09:30:00,1731663000000,89188.01,89350.0,89047.58,89064.14,475.22028
2024-11-15 09:45:00,1731663900000,89064.14,89261.91,88900.0,89195.99,393.76523
2024-11-15 10:00:00,1731664800000,89195.99,89203.62,88943.53,89136.08,347.27161
2024-11-15 10:15:00,1731665700000,89136.08,89427.46,88997.5,89358.94,439.69613
2024-11-15 10:30:00,1731666600000,89358.93,89358.94,89075.0,89121.39,251.17468
2024-11-15 10:45:00,1731667500000,89121.39,89458.13,89109.59,89354.55,391.78749
2024-11-15 11:00:00,1731668400000,89354.54,89538.73,89208.4,89279.96,469.75435
2024-11-15 11:15:00,1731669300000,89279.96,89333.34,89138.94,89317.28,262.84895
2024-11-15 11:30:00,1731670200000,89317.29,89582.16,89303.01,89432.9,380.68044
2024-11-15 11:45:00,1731671100000,89432.9,89771.99,89409.26,89741.25,453.04163
2024-11-15 12:00:00,1731672000000,89741.24,90707.72,89591.55,90660.54,1010.08725
2024-11-15 12:15:00,1731672900000,90660.54,90709.74,90145.31,90284.19,792.59404
2024-11-15 12:30:00,1731673800000,90284.2,90302.88,89644.3,89823.35,499.26874
2024-11-15 12:45:00,1731674700000,89823.35,89999.3,89687.5,89753.84,325.08491
2024-11-15 13:00:00,1731675600000,89753.84,89971.85,89600.0,89940.04,370.43316
2024-11-15 13:15:00,1731676500000,89940.04,90000.0,89505.0,89599.86,358.67654
2024-11-15 13:30:00,1731677400000,89599.86,89961.21,89241.57,89941.78,582.75364
2024-11-15 13:45:00,1731678300000,89941.77,90482.3,89925.28,90148.0,593.01023
2024-11-15 14:00:00,1731679200000,90148.0,90200.0,89654.17,89763.98,438.25674
2024-11-15 14:15:00,1731680100000,89763.98,89828.54,89242.42,89324.67,535.56938
2024-11-15 14:30:00,1731681000000,89324.67,89440.61,88585.33,89323.06,1410.07065
2024-11-15 14:45:00,1731681900000,89323.06,89976.05,88890.2,89107.98,988.99219
2024-11-15 15:00:00,1731682800000,89107.97,89134.74,88206.89,88490.25,924.23484
2024-11-15 15:15:00,1731683700000,88490.25,88606.03,87754.45,88235.38,1268.81943
2024-11-15 15:30:00,1731684600000,88235.38,88643.55,87800.08,88196.0,941.96017
2024-11-15 15:45:00,1731685500000,88196.0,88836.99,88101.0,88445.41,864.01368
2024-11-15 16:00:00,1731686400000,88445.4,89199.29,88386.99,89152.01,697.99837
2024-11-15 16:15:00,1731687300000,89152.01,89700.0,88880.09,89632.99,915.97515
2024-11-15 16:30:00,1731688200000,89632.99,89768.41,88960.0,89106.57,714.33813
2024-11-15 16:45:00,1731689100000,89106.57,89567.98,88948.71,89375.99,417.53077
2024-11-15 17:00:00,1731690000000,89376.0,89698.98,89287.34,89570.38,468.52788
2024-11-15 17:15:00,1731690900000,89570.37,89832.01,89431.95,89560.15,479.79165
2024-11-15 17:30:00,1731691800000,89560.15,89930.0,89191.47,89892.0,507.18513
2024-11-15 17:45:00,1731692700000,89892.01,89944.0,89324.0,89484.85,380.19743
2024-11-15 18:00:00,1731693600000,89484.84,89696.97,89294.17,89485.1,320.1502
2024-11-15 18:15:00,1731694500000,89485.11,89797.7,89426.61,89767.99,439.30082
2024-11-15 18:30:00,1731695400000,89767.98,89810.0,89525.02,89727.27,310.99992
2024-11-15 18:45:00,1731696300000,89727.28,89780.0,89214.55,89387.99,283.1932
2024-11-15 19:00:00,1731697200000,89388.0,89620.0,89260.0,89487.21,305.35426
2024-11-15 19:15:00,1731698100000,89487.21,89723.34,89340.0,89716.16,259.38963
2024-11-15 19:30:00,1731699000000,89716.17,90590.0,89661.65,90585.0,903.05557
2024-11-15 19:45:00,1731699900000,90585.0,90844.9,90025.89,90377.89,1269.85316
2024-11-15 20:00:00,1731700800000,90377.89,90936.0,90324.85,90925.27,499.79247
2024-11-15 20:15:00,1731701700000,90925.27,91232.46,90740.49,90904.53,1240.4266
2024-11-15 20:30:00,1731702600000,90904.53,91178.02,90571.31,91121.27,668.25985
2024-11-15 20:45:00,1731703500000,91121.27,91461.01,90921.57,91447.98,750.94817
2024-11-15 21:00:00,1731704400000,91447.99,91461.01,91067.6,91304.68,547.05582
2024-11-15 21:15:00,1731705300000,91304.69,91400.0,91078.98,91291.54,517.61086
2024-11-15 21:30:00,1731706200000,91291.55,91419.99,91067.65,91414.99,370.67623
2024-11-15 21:45:00,1731707100000,91414.99,91830.35,91216.36,91678.78,737.70538
2024-11-15 22:00:00,1731708000000,91678.78,91850.0,91212.0,91348.59,372.03526
2024-11-15 22:15:00,1731708900000,91348.59,91430.2,91033.66,91203.77,346.86277
2024-11-15 22:30:00,1731709800000,91203.77,91633.58,91203.76,91450.11,375.37192
2024-11-15 22:45:00,1731710700000,91450.11,91462.55,91161.15,91208.0,184.61647
2024-11-15 23:00:00,1731711600000,91208.0,91433.6,91168.39,91433.59,255.54253
2024-11-15 23:15:00,1731712500000,91433.59,91450.0,91226.92,91247.42,206.69132
2024-11-15 23:30:00,1731713400000,91247.42,91292.0,91036.0,91062.24,269.81355
2024-11-15 23:45:00,1731714300000,91062.25,91100.99,90866.72,91032.07,450.91817
2024-11-16 00:00:00,1731715200000,91032.08,91348.5,90870.42,90870.43,509.06685
2024-11-16 00:15:00,1731716100000,90870.43,91137.17,90850.0,90859.06,360.369
2024-11-16 00:30:00,1731717000000,90859.06,91037.76,90859.05,90969.69,229.81326
2024-11-16 00:45:00,1731717900000,90969.69,91150.0,90869.57,91000.0,231.63266
2024-11-16 01:00:00,1731718800000,91000.0,91339.0,90942.42,91283.49,264.52744
2024-11-16 01:15:00,1731719700000,91283.49,91442.11,91125.87,91333.34,259.44814
2024-11-16 01:30:00,1731720600000,91333.34,91362.83,91144.76,91303.03,207.15765
2024-11-16 01:45:00,1731721500000,91303.03,91398.36,91102.82,91249.29,188.61802
2024-11-16 02:00:00,1731722400000,91249.3,91388.0,91151.51,91388.0,147.22857
2024-11-16 02:15:00,1731723300000,91388.0,91709.06,91387.99,91622.8,414.57096
2024-11-16 02:30:00,1731724200000,91622.81,91650.81,91376.0,91426.81,346.73046
2024-11-16 02:45:00,1731725100000,91426.82,91544.0,91300.0,91405.54,208.01027
2024-11-16 03:00:00,1731726000000,91405.54,91597.08,91332.03,91421.52,193.53593
2024-11-16 03:15:00,1731726900000,91421.53,91500.0,91325.53,91356.0,191.12295
2024-11-16 03:30:00,1731727800000,91356.0,91393.94,91053.48,91223.62,255.10291
2024-11-16 03:45:00,1731728700000,91223.62,91333.34,91084.0,91252.03,243.01885
2024-11-16 04:00:00,1731729600000,91252.04,91400.0,91064.24,91103.99,257.05674
2024-11-16 04:15:00,1731730500000,91103.98,91190.0,91068.0,91171.22,178.36326
2024-11-16 04:30:00,1731731400000,91171.23,91287.08,91133.95,91134.34,118.42457
2024-11-16 04:45:00,1731732300000,91134.33,91356.53,91100.37,91269.69,120.48644
2024-11-16 05:00:00,1731733200000,91269.7,91422.0,91144.74,91422.0,205.1888
2024-11-16 05:15:00,1731734100000,91421.99,91779.66,91362.0,91555.33,359.96477
2024-11-16 05:30:00,1731735000000,91555.33,91620.79,91347.97,91376.75,183.59792
2024-11-16 05:45:00,1731735900000,91376.75,91500.0,91327.51,91350.34,88.27118
2024-11-16 06:00:00,1731736800000,91350.34,91363.64,91217.0,91278.43,238.43879
2024-11-16 06:15:00,1731737700000,91278.42,91447.74,91244.65,91371.66,192.28872
2024-11-16 06:30:00,1731738600000,91371.66,91371.67,91184.0,91272.72,161.99632
2024-11-16 06:45:00,1731739500000,91272.72,91395.14,91149.76,91192.0,207.11656
2024-11-16 07:00:00,1731740400000,91192.0,91388.0,91138.87,91345.55,175.68042
2024-11-16 07:15:00,1731741300000,91345.54,91388.45,91309.94,91320.13,126.45878
2024-11-16 07:30:00,1731742200000,91320.13,91320.14,91104.01,91104.01,220.43652
2024-11-16 07:45:00,1731743100000,91104.0,91195.03,91068.19,91117.53,194.50533
2024-11-16 08:00:00,1731744000000,91117.52,91232.2,91052.31,91076.0,156.3539
2024-11-16 08:15:00,1731744900000,91076.0,91300.0,91025.11,91224.98,249.99596
2024-11-16 08:30:00,1731745800000,91224.97,91430.0,91224.97,91287.51,297.99948
2024-11-16 08:45:00,1731746700000,91287.51,91425.99,91249.42,91425.98,286.69616
2024-11-16 09:00:00,1731747600000,91425.98,91425.99,91303.03,91390.01,116.0165
2024-11-16 09:15:00,1731748500000,91390.01,91403.33,91231.71,91252.25,119.84372
2024-11-16 09:30:00,1731749400000,91252.26,91428.0,91199.18,91384.1,348.12096
2024-11-16 09:45:00,1731750300000,91384.1,91393.22,91235.23,91235.24,140.01593
2024-11-16 10:00:00,1731751200000,91235.23,91385.67,91220.15,91304.1,211.13334
2024-11-16 10:15:00,1731752100000,91304.11,91449.0,91255.13,91423.93,218.65361
2024-11-16 10:30:00,1731753000000,91423.94,91598.13,91417.06,91597.65,419.61986
2024-11-16 10:45:00,1731753900000,91597.66,91597.66,91393.16,91393.93,219.49537
2024-11-16 11:00:00,1731754800000,91393.94,91423.33,91265.36,91340.02,301.26209
2024-11-16 11:15:00,1731755700000,91340.01,91340.02,91067.31,91220.0,379.27039
2024-11-16 11:30:00,1731756600000,91219.99,91220.0,90995.48,91012.01,299.09164
2024-11-16 11:45:00,1731757500000,91012.01,91212.15,90993.15,91169.69,209.13406
2024-11-16 12:00:00,1731758400000,91169.69,91320.0,90525.54,90656.75,716.4132
2024-11-16 12:15:00,1731759300000,90656.74,90924.0,90500.0,90811.29,372.76728
2024-11-16 12:30:00,1731760200000,90811.3,90998.88,90731.27,90928.76,267.37987
2024-11-16 12:45:00,1731761100000,90928.77,90986.65,90848.48,90894.74,187.28447
2024-11-16 13:00:00,1731762000000,90894.75,91190.0,90860.0,91189.99,192.02467
2024-11-16 13:15:00,1731762900000,91189.99,91189.99,90928.05,90928.06,210.98398
2024-11-16 13:30:00,1731763800000,90928.05,90959.53,90772.46,90907.99,213.9502
2024-11-16 13:45:00,1731764700000,90908.0,90908.0,90684.21,90755.99,221.59105
2024-11-16 14:00:00,1731765600000,90756.0,90876.0,90700.0,90811.97,178.99964
2024-11-16 14:15:00,1731766500000,90811.97,91048.32,90608.8,91048.32,255.58653
2024-11-16 14:30:00,1731767400000,91048.31,91074.22,90822.0,90964.9,215.70516
2024-11-16 14:45:00,1731768300000,90964.9,91053.87,90916.57,90968.0,206.18614
2024-11-16 15:00:00,1731769200000,90968.01,91016.93,90522.0,90536.83,519.55235
2024-11-16 15:15:00,1731770100000,90536.83,90719.19,90330.0,90360.0,599.21301
2024-11-16 15:30:00,1731771000000,90360.68,90559.99,90236.85,90402.93,521.36295
2024-11-16 15:45:00,1731771900000,90402.92,90540.25,90056.17,90521.2,543.19603
2024-11-16 16:00:00,1731772800000,90521.2,90575.76,90186.64,90458.22,276.27992
2024-11-16 16:15:00,1731773700000,90458.21,90720.0,90458.21,90679.98,341.60589
2024-11-16 16:30:00,1731774600000,90679.99,90865.48,90522.0,90559.96,459.9295
2024-11-16 16:45:00,1731775500000,90559.95,90720.04,90450.0,90612.65,214.62942
2024-11-16 17:00:00,1731776400000,90612.64,90850.0,90505.39,90800.0,176.7035
2024-11-16 17:15:00,1731777300000,90800.0,90900.0,90752.0,90842.01,177.75809
2024-11-16 17:30:00,1731778200000,90842.01,90918.46,90732.31,90918.45,134.37085
2024-11-16 17:45:00,1731779100000,90918.45,91000.0,90849.25,90904.03,204.60301
2024-11-16 18:00:00,1731780000000,90904.02,91172.0,90840.0,91108.93,349.30908
2024-11-16 18:15:00,1731780900000,91108.93,91250.0,91102.09,91188.01,149.17521
2024-11-16 18:30:00,1731781800000,91188.01,91396.03,91188.01,91292.01,214.99748
2024-11-16 18:45:00,1731782700000,91292.0,91363.63,91221.59,91303.04,126.64774
2024-11-16 19:00:00,1731783600000,91303.04,91332.0,91125.0,91212.01,188.6788
2024-11-16 19:15:00,1731784500000,91212.0,91212.01,90956.0,91000.56,222.17392
2024-11-16 19:30:00,1731785400000,91000.56,91120.02,90949.61,91060.61,119.2786
2024-11-16 19:45:00,1731786300000,91060.6,91158.16,91008.0,91100.24,110.24018
2024-11-16 20:00:00,1731787200000,91100.23,91181.82,90972.23,91014.16,146.96055
2024-11-16 20:15:00,1731788100000,91014.16,91051.6,90670.6,90743.16,270.42087
2024-11-16 20:30:00,1731789000000,90743.16,90955.26,90743.15,90924.0,147.05585
2024-11-16 20:45:00,1731789900000,90924.0,90963.08,90685.0,90752.01,108.36725
2024-11-16 21:00:00,1731790800000,90752.01,90931.99,90702.0,90910.18,119.99564
2024-11-16 21:15:00,1731791700000,90910.18,91039.37,90840.44,91039.37,161.8981
2024-11-16 21:30:00,1731792600000,91039.37,91067.67,90950.61,90976.49,102.27377
2024-11-16 21:45:00,1731793500000,90976.48,91008.0,90855.11,90993.5,135.77339
2024-11-16 22:00:00,1731794400000,90993.49,91000.0,90865.47,90899.31,107.0712
2024-11-16 22:15:00,1731795300000,90899.31,90931.81,90871.56,90878.59,86.3587
2024-11-16 22:30:00,1731796200000,90878.59,90880.18,90713.67,90748.69,127.99771
2024-11-16 22:45:00,1731797100000,90748.69,90749.6,90300.0,90328.39,376.08237
2024-11-16 23:00:00,1731798000000,90328.39,90648.0,90328.0,90560.01,275.98837
2024-11-16 23:15:00,1731798900000,90560.0,90600.0,90400.0,90550.23,184.99181
2024-11-16 23:30:00,1731799800000,90550.24,90651.98,90403.87,90424.24,90.08492
2024-11-16 23:45:00,1731800700000,90424.25,90588.0,90380.0,90586.92,137.04666
2024-11-17 00:00:00,1731801600000,90587.98,90696.97,90576.0,90691.45,130.91087
2024-11-17 00:15:00,1731802500000,90691.46,90848.0,90691.46,90805.73,133.6918
2024-11-17 00:30:00,1731803400000,90805.74,90888.0,90684.93,90692.22,147.07801
2024-11-17 00:45:00,1731804300000,90692.23,90860.0,90680.65,90808.0,90.18722
2024-11-17 01:00:00,1731805200000,90808.0,90876.81,90654.39,90720.0,147.54213
2024-11-17 01:15:00,1731806100000,90719.99,90835.49,90644.83,90676.02,104.53693
2024-11-17 01:30:00,1731807000000,90676.01,90676.02,90168.64,90168.7,562.09666
2024-11-17 01:45:00,1731807900000,90168.69,90328.08,90001.0,90272.74,442.0329
2024-11-17 02:00:00,1731808800000,90272.73,90272.74,89475.96,89482.01,1168.87136
2024-11-17 02:15:00,1731809700000,89482.01,89899.98,89364.0,89734.52,740.92468
2024-11-17 02:30:00,1731810600000,89734.52,89938.0,89552.0,89885.12,334.99853
2024-11-17 02:45:00,1731811500000,89885.11,90120.0,89765.31,90024.01,257.51954
2024-11-17 03:00:00,1731812400000,90024.02,90239.4,89776.06,89776.06,280.30729
2024-11-17 03:15:00,1731813300000,89776.06,90048.0,89775.37,90011.99,183.2716
2024-11-17 03:30:00,1731814200000,90012.0,90148.0,89989.99,90119.99,89.04726
2024-11-17 03:45:00,1731815100000,90119.99,90247.86,90034.01,90247.86,137.70719
2024-11-17 04:00:00,1731816000000,90247.86,90432.7,90158.56,90285.34,231.54368
2024-11-17 04:15:00,1731816900000,90285.35,90516.0,90285.35,90424.25,249.67766
2024-11-17 04:30:00,1731817800000,90424.25,90681.37,90286.32,90627.89,333.49166
2024-11-17 04:45:00,1731818700000,90627.89,90680.0,90324.29,90576.0,291.48849
2024-11-17 05:00:00,1731819600000,90576.01,90888.0,90472.32,90776.0,233.83197
2024-11-17 05:15:00,1731820500000,90776.0,90803.71,90600.0,90637.15,152.27722
2024-11-17 05:30:00,1731821400000,90637.15,90672.0,90374.45,90427.99,208.59328
2024-11-17 05:45:00,1731822300000,90428.0,90600.0,90428.0,90470.13,82.19689
2024-11-17 06:00:00,1731823200000,90470.13,90515.16,90369.72,90412.91,130.74914
2024-11-17 06:15:00,1731824100000,90412.91,90603.24,90409.71,90559.99,81.1458
2024-11-17 06:30:00,1731825000000,90559.99,90769.99,90519.98,90769.99,130.64393
2024-11-17 06:45:00,1731825900000,90769.99,90769.99,90584.0,90645.44,176.20702
2024-11-17 07:00:00,1731826800000,90645.44,90666.67,90368.0,90368.14,203.7126
2024-11-17 07:15:00,1731827700000,90368.13,90547.77,90368.13,90508.76,129.8851
2024-11-17 07:30:00,1731828600000,90508.76,90643.98,90490.73,90643.97,147.72537
2024-11-17 07:45:00,1731829500000,90643.98,90643.98,90485.75,90550.8,190.94583
2024-11-17 08:00:00,1731830400000,90550.8,90796.0,90478.99,90688.0,269.01151
2024-11-17 08:15:00,1731831300000,90688.0,90740.0,90509.99,90607.99,217.74368
2024-11-17 08:30:00,1731832200000,90607.99,90838.31,90548.7,90746.97,274.13595
2024-11-17 08:45:00,1731833100000,90746.97,91050.01,90746.97,90985.11,359.71751
2024-11-17 09:00:00,1731834000000,90985.11,91449.99,90968.8,91249.48,422.00194
2024-11-17 09:15:00,1731834900000,91249.48,91324.89,91115.38,91135.98,215.5658
2024-11-17 09:30:00,1731835800000,91135.98,91276.58,91030.3,91256.0,261.96491
2024-11-17 09:45:00,1731836700000,91256.01,91322.79,91080.0,91295.24,169.68925
2024-11-17 10:00:00,1731837600000,91295.24,91330.88,91140.21,91219.75,188.95202
2024-11-17 10:15:00,1731838500000,91219.76,91235.27,91080.01,91136.0,103.46473
2024-11-17 10:30:00,1731839400000,91135.99,91148.0,91014.88,91028.97,97.90856
2024-11-17 10:45:00,1731840300000,91028.96,91143.8,90882.74,91056.0,151.4615
2024-11-17 11:00:00,1731841200000,91055.99,91076.0,90544.01,90707.24,448.60769
2024-11-17 11:15:00,1731842100000,90707.25,90799.99,90588.22,90720.85,213.22316
2024-11-17 11:30:00,1731843000000,90720.85,90800.0,90564.99,90672.69,286.89282
2024-11-17 11:45:00,1731843900000,90672.69,90832.0,90508.0,90684.19,248.75415
2024-11-17 12:00:00,1731844800000,90684.19,90939.4,90632.0,90839.0,293.08978
2024-11-17 12:15:00,1731845700000,90839.0,90980.0,90741.1,90843.58,224.63641
2024-11-17 12:30:00,1731846600000,90843.58,90989.8,90788.0,90989.79,126.34974
2024-11-17 12:45:00,1731847500000,90989.79,91189.88,90960.0,91080.68,328.74349
2024-11-17 13:00:00,1731848400000,91080.68,91112.0,90829.52,90873.97,232.26023
2024-11-17 13:15:00,1731849300000,90873.98,90873.98,90653.5,90744.46,204.53788
2024-11-17 13:30:00,1731850200000,90744.46,90831.75,90310.0,90456.01,457.015
2024-11-17 13:45:00,1731851100000,90456.01,90636.16,90408.09,90504.01,230.8399
2024-11-17 14:00:00,1731852000000,90504.02,90765.96,90486.0,90678.95,201.34704
2024-11-17 14:15:00,1731852900000,90678.96,90708.0,90095.34,90095.34,323.82946
2024-11-17 14:30:00,1731853800000,90095.34,90343.43,89925.91,90279.98,668.58589
2024-11-17 14:45:00,1731854700000,90279.98,90358.88,90218.56,90310.91,148.43168
2024-11-17 15:00:00,1731855600000,90310.92,90475.27,90114.5,90402.01,281.03068
2024-11-17 15:15:00,1731856500000,90402.01,90440.0,90309.55,90372.0,132.6101
2024-11-17 15:30:00,1731857400000,90372.0,90587.99,90293.87,90472.0,174.72297
2024-11-17 15:45:00,1731858300000,90472.0,90572.0,90235.92,90260.01,138.7839
2024-11-17 16:00:00,1731859200000,90260.01,90403.99,90076.29,90158.02,224.15014
2024-11-17 16:15:00,1731860100000,90158.01,90372.0,90122.77,90333.33,120.39921
2024-11-17 16:30:00,1731861000000,90333.34,90408.0,90216.0,90263.28,164.87456
2024-11-17 16:45:00,1731861900000,90263.28,90523.45,90256.79,90446.92,224.20358
2024-11-17 17:00:00,1731862800000,90446.91,90446.92,90282.82,90282.82,179.47074
2024-11-17 17:15:00,1731863700000,90282.82,90590.98,90150.23,90457.65,241.89486
2024-11-17 17:30:00,1731864600000,90457.65,90640.18,90392.0,90491.65,208.74239
2024-11-17 17:45:00,1731865500000,90491.65,90618.01,90447.85,90578.66,101.49329
2024-11-17 18:00:00,1731866400000,90578.66,90616.78,90220.55,90304.8,138.18123
2024-11-17 18:15:00,1731867300000,90304.81,90304.81,89960.0,90045.31,264.26342
2024-11-17 18:30:00,1731868200000,90045.31,90177.5,89832.44,90108.01,307.75521
2024-11-17 18:45:00,1731869100000,90108.01,90166.3,89933.87,89936.0,142.21971
2024-11-17 19:00:00,1731870000000,89936.0,90041.23,89765.36,89868.0,242.24567
2024-11-17 19:15:00,1731870900000,89868.0,89917.62,89664.34,89897.46,215.18139
2024-11-17 19:30:00,1731871800000,89897.46,90120.26,89832.68,90120.26,167.19575
2024-11-17 19:45:00,1731872700000,90120.25,90140.0,90020.0,90044.0,170.12048
2024-11-17 20:00:00,1731873600000,90044.0,90212.13,90000.0,90156.02,149.47554
2024-11-17 20:15:00,1731874500000,90156.02,90181.82,89500.0,89679.99,359.56402
2024-11-17 20:30:00,1731875400000,89680.0,89820.0,89575.25,89742.01,297.22346
2024-11-17 20:45:00,1731876300000,89742.01,89742.01,89562.01,89636.0,177.76268
2024-11-17 21:00:00,1731877200000,89636.0,89691.0,89468.0,89481.4,222.16674
2024-11-17 21:15:00,1731878100000,89481.4,89748.02,89195.46,89638.97,442.48154
2024-11-17 21:30:00,1731879000000,89638.97,89676.0,89333.33,89430.24,209.04069
2024-11-17 21:45:00,1731879900000,89430.24,89474.95,89002.08,89137.98,335.15592
2024-11-17 22:00:00,1731880800000,89137.97,89394.81,88722.0,89376.0,804.75572
2024-11-17 22:15:00,1731881700000,89375.99,89647.84,89366.69,89519.92,381.26036
2024-11-17 22:30:00,1731882600000,89519.92,89575.76,89278.54,89303.33,190.62267
2024-11-17 22:45:00,1731883500000,89303.32,89600.0,89303.31,89556.0,149.94214
2024-11-17 23:00:00,1731884400000,89556.0,89750.0,89316.98,89453.5,364.59871
2024-11-17 23:15:00,1731885300000,89453.51,89750.0,89345.0,89664.01,274.44152
2024-11-17 23:30:00,1731886200000,89664.01,89815.77,89526.51,89699.99,228.15721
2024-11-17 23:45:00,1731887100000,89699.99,89863.99,89649.8,89855.99,147.7666
2024-11-18 00:00:00,1731888000000,89855.98,89966.4,89617.96,89798.56,251.99897
2024-11-18 00:15:00,1731888900000,89798.57,89923.57,89660.0,89923.57,129.11395
2024-11-18 00:30:00,1731889800000,89923.56,90120.74,89836.0,90023.49,222.92664
2024-11-18 00:45:00,1731890700000,90023.49,90096.26,89852.0,89940.0,140.56481
2024-11-18 01:00:00,1731891600000,89940.0,90169.02,89894.38,90151.52,149.41316
2024-11-18 01:15:00,1731892500000,90151.51,90582.19,90090.78,90572.65,261.07272
2024-11-18 01:30:00,1731893400000,90572.65,90912.62,90572.65,90702.39,456.52249
2024-11-18 01:45:00,1731894300000,90702.39,90935.44,90584.91,90747.57,222.21079
2024-11-18 02:00:00,1731895200000,90747.57,90847.61,90494.54,90568.02,363.0581
2024-11-18 02:15:00,1731896100000,90568.02,90600.0,90405.01,90468.56,134.38352
2024-11-18 02:30:00,1731897000000,90468.56,90632.39,90468.56,90606.06,108.06491
2024-11-18 02:45:00,1731897900000,90606.06,90756.06,90470.83,90493.89,127.9175
2024-11-18 03:00:00,1731898800000,90493.88,90536.0,90300.0,90387.55,163.38813
2024-11-18 03:15:00,1731899700000,90387.54,90484.85,90300.02,90363.73,215.086
2024-11-18 03:30:00,1731900600000,90363.73,90567.28,90363.73,90448.36,142.49339
2024-11-18 03:45:00,1731901500000,90448.35,90676.92,90442.14,90668.58,164.01744
2024-11-18 04:00:00,1731902400000,90668.58,90700.0,90540.0,90540.0,139.16237
2024-11-18 04:15:00,1731903300000,90540.0,90592.01,90500.0,90547.99,87.11615
2024-11-18 04:30:00,1731904200000,90548.0,90596.59,90481.97,90559.99,104.20904
2024-11-18 04:45:00,1731905100000,90560.0,90560.0,90438.85,90441.3,110.36063
2024-11-18 05:00:00,1731906000000,90441.3,90588.0,90441.29,90508.0,204.07249
2024-11-18 05:15:00,1731906900000,90508.0,90809.36,90462.0,90809.35,149.24155
2024-11-18 05:30:00,1731907800000,90809.35,90809.36,90604.0,90656.0,174.1925
2024-11-18 05:45:00,1731908700000,90656.0,90677.75,90575.76,90615.71,178.83581
2024-11-18 06:00:00,1731909600000,90615.72,90800.0,90615.71,90736.0,213.80482
2024-11-18 06:15:00,1731910500000,90736.0,91123.82,90704.0,90947.39,464.25347
2024-11-18 06:30:00,1731911400000,90947.39,91408.0,90928.0,91352.71,690.21116
2024-11-18 06:45:00,1731912300000,91352.72,92079.3,91224.0,92061.84,1481.89846
2024-11-18 07:00:00,1731913200000,92061.84,92300.0,91680.38,91926.93,1086.84318
2024-11-18 07:15:00,1731914100000,91926.93,91926.93,91502.02,91515.99,573.29401
2024-11-18 07:30:00,1731915000000,91516.0,91848.54,91415.79,91807.12,455.45028
2024-11-18 07:45:00,1731915900000,91807.12,91916.0,91702.41,91719.9,265.71893
2024-11-18 08:00:00,1731916800000,91719.9,92041.71,91555.54,92028.01,437.68933
2024-11-18 08:15:00,1731917700000,92028.0,92141.13,91882.39,91888.01,280.08547
2024-11-18 08:30:00,1731918600000,91888.0,91900.0,91637.11,91824.05,276.51421
2024-11-18 08:45:00,1731919500000,91824.04,91963.75,91780.87,91810.61,216.59231
2024-11-18 09:00:00,1731920400000,91810.6,91878.09,91655.88,91728.72,181.89146
2024-11-18 09:15:00,1731921300000,91728.73,92125.0,91728.72,92104.0,360.46684
2024-11-18 09:30:00,1731922200000,92104.0,92211.99,91710.5,91801.2,295.4763
2024-11-18 09:45:00,1731923100000,91801.2,91940.0,91640.0,91710.6,260.93174
2024-11-18 10:00:00,1731924000000,91710.59,91999.0,91708.25,91765.85,276.82255
2024-11-18 10:15:00,1731924900000,91765.85,91988.28,91680.0,91912.59,280.35831
2024-11-18 10:30:00,1731925800000,91912.59,92016.0,91883.44,91934.83,262.65979
2024-11-18 10:45:00,1731926700000,91934.83,91954.64,91757.57,91769.42,279.34623
2024-11-18 11:00:00,1731927600000,91769.43,91816.01,91095.79,91134.72,739.41216
2024-11-18 11:15:00,1731928500000,91134.72,91317.24,90829.51,90961.95,737.44539
2024-11-18 11:30:00,1731929400000,90961.95,91050.86,90340.9,90340.91,753.25975
2024-11-18 11:45:00,1731930300000,90340.91,90520.0,90051.1,90275.13,849.64482
2024-11-18 12:00:00,1731931200000,90275.13,90583.49,90100.5,90276.0,556.76029
2024-11-18 12:15:00,1731932100000,90276.0,90604.01,90276.0,90604.01,531.1502
2024-11-18 12:30:00,1731933000000,90604.65,90757.58,90500.0,90649.73,386.59536
2024-11-18 12:45:00,1731933900000,90649.73,90740.08,90417.16,90517.13,250.45442
2024-11-18 13:00:00,1731934800000,90517.14,90595.98,89666.0,89784.0,1117.95553
2024-11-18 13:15:00,1731935700000,89784.0,89970.29,89460.0,89687.48,613.77613
2024-11-18 13:30:00,1731936600000,89687.48,89960.96,89622.01,89951.28,368.89596
2024-11-18 13:45:00,1731937500000,89951.27,89951.28,89376.9,89502.23,500.11643
2024-11-18 14:00:00,1731938400000,89502.23,90267.92,89436.29,90217.79,691.24871
2024-11-18 14:15:00,1731939300000,90217.79,90408.48,90088.0,90374.2,464.27023
2024-11-18 14:30:00,1731940200000,90374.2,91053.58,90118.55,90591.28,1011.28424
2024-11-18 14:45:00,1731941100000,90591.28,90613.48,89770.5,90308.01,882.92888
2024-11-18 15:00:00,1731942000000,90308.0,90845.34,90242.61,90833.38,699.81326
2024-11-18 15:15:00,1731942900000,90833.38,90843.65,90346.66,90630.0,532.34437
2024-11-18 15:30:00,1731943800000,90630.0,92266.0,90629.99,91887.99,2175.4279
2024-11-18 15:45:00,1731944700000,91887.98,92594.0,91720.0,92309.51,2090.95105
2024-11-18 16:00:00,1731945600000,92309.51,92584.95,91834.89,92075.54,1213.72718
2024-11-18 16:15:00,1731946500000,92075.54,92130.15,91611.75,91955.56,747.54805
2024-11-18 16:30:00,1731947400000,91955.56,92118.64,91700.0,91707.99,516.74464
2024-11-18 16:45:00,1731948300000,91707.99,91787.88,91121.23,91403.12,735.17009
2024-11-18 17:00:00,1731949200000,91403.12,91527.92,91026.18,91391.99,399.34457
2024-11-18 17:15:00,1731950100000,91391.99,92149.85,91244.0,91848.48,872.80639
2024-11-18 17:30:00,1731951000000,91848.48,91900.0,91202.0,91233.83,509.13015
2024-11-18 17:45:00,1731951900000,91233.83,91621.65,90904.25,91564.69,744.40857
2024-11-18 18:00:00,1731952800000,91564.69,91599.0,91271.54,91471.99,335.26838
2024-11-18 18:15:00,1731953700000,91471.99,91660.9,91000.0,91060.0,562.02817
2024-11-18 18:30:00,1731954600000,91060.0,91090.66,90444.44,90450.09,478.84943
2024-11-18 18:45:00,1731955500000,90450.09,90531.76,90100.0,90356.8,654.48743
2024-11-18 19:00:00,1731956400000,90356.8,90447.21,89960.0,90052.0,477.16188
2024-11-18 19:15:00,1731957300000,90052.0,90160.0,89671.15,89843.96,736.05444
2024-11-18 19:30:00,1731958200000,89843.97,90396.04,89667.66,90326.44,605.87766
2024-11-18 19:45:00,1731959100000,90326.45,90640.0,90190.47,90608.26,366.18923
2024-11-18 20:00:00,1731960000000,90608.26,90786.17,90524.3,90598.18,285.78224
2024-11-18 20:15:00,1731960900000,90598.19,91924.04,90412.0,91715.8,1265.63486
2024-11-18 20:30:00,1731961800000,91738.11,91910.37,91253.0,91392.03,1093.38472
2024-11-18 20:45:00,1731962700000,91392.02,91590.62,90924.0,91473.42,905.3232
2024-11-18 21:00:00,1731963600000,91473.43,91964.17,91333.33,91964.16,769.68378
2024-11-18 21:15:00,1731964500000,91964.16,91980.0,91620.76,91652.18,305.65927
2024-11-18 21:30:00,1731965400000,91652.18,91836.0,91528.0,91528.0,233.3581
2024-11-18 21:45:00,1731966300000,91528.01,91571.82,91144.08,91276.33,340.79951
2024-11-18 22:00:00,1731967200000,91276.33,91380.01,91001.0,91217.7,295.7184
2024-11-18 22:15:00,1731968100000,91217.69,91272.73,91104.02,91267.32,143.97431
2024-11-18 22:30:00,1731969000000,91267.32,91461.01,91113.42,91406.98,296.73047
2024-11-18 22:45:00,1731969900000,91406.97,91407.31,91140.73,91148.02,112.33729
2024-11-18 23:00:00,1731970800000,91148.02,91220.0,90704.92,90929.17,262.99681
2024-11-18 23:15:00,1731971700000,90929.18,90939.4,90227.11,90248.0,375.8841
2024-11-18 23:30:00,1731972600000,90248.0,90709.17,90224.02,90624.89,537.40724
2024-11-18 23:45:00,1731973500000,90624.89,90636.37,90407.17,90464.08,372.09693
2024-11-19 00:00:00,1731974400000,90464.07,90647.1,90357.0,90536.01,294.4324
2024-11-19 00:15:00,1731975300000,90536.01,90695.56,90460.45,90578.96,312.04775
2024-11-19 00:30:00,1731976200000,90578.97,90880.0,90424.22,90879.99,219.75073
2024-11-19 00:45:00,1731977100000,90879.99,91228.58,90761.9,91042.94,325.83351
2024-11-19 01:00:00,1731978000000,91042.95,91241.46,90861.07,90888.0,230.96373
2024-11-19 01:15:00,1731978900000,90888.0,91133.34,90868.66,90979.0,123.95125
2024-11-19 01:30:00,1731979800000,90979.0,91020.71,90700.0,91007.99,133.93671
2024-11-19 01:45:00,1731980700000,91008.0,91038.1,90616.0,90714.26,203.83305
2024-11-19 02:00:00,1731981600000,90714.27,90983.05,90702.73,90936.14,138.95442
2024-11-19 02:15:00,1731982500000,90936.15,91243.63,90936.0,91142.85,314.9035
2024-11-19 02:30:00,1731983400000,91142.86,91268.9,90967.81,91260.12,299.47699
2024-11-19 02:45:00,1731984300000,91260.12,91271.65,91122.0,91236.0,142.13274
2024-11-19 03:00:00,1731985200000,91236.0,91300.0,91178.39,91288.0,174.35154
2024-11-19 03:15:00,1731986100000,91287.99,91529.0,91163.9,91349.96,400.30836
2024-11-19 03:30:00,1731987000000,91349.96,91428.57,91244.6,91345.5,129.13676
2024-11-19 03:45:00,1731987900000,91345.49,91487.86,91345.49,91428.0,131.25268
2024-11-19 04:00:00,1731988800000,91428.0,91475.49,91248.01,91294.01,149.62692
2024-11-19 04:15:00,1731989700000,91294.01,91708.94,91271.69,91628.74,412.33677
2024-11-19 04:30:00,1731990600000,91628.74,91816.28,91504.77,91607.19,296.86686
2024-11-19 04:45:00,1731991500000,91607.19,91607.19,91336.0,91528.0,146.71635
2024-11-19 05:00:00,1731992400000,91528.0,91664.43,91416.0,91599.97,179.16708
2024-11-19 05:15:00,1731993300000,91599.98,91640.0,91249.66,91349.92,286.13941
2024-11-19 05:30:00,1731994200000,91349.91,91497.0,91238.09,91466.82,115.318
2024-11-19 05:45:00,1731995100000,91466.82,91891.8,91454.54,91877.0,387.38128
2024-11-19 06:00:00,1731996000000,91877.0,91877.01,91598.5,91672.0,227.4196
2024-11-19 06:15:00,1731996900000,91672.0,91946.35,91600.0,91920.0,227.43572
2024-11-19 06:30:00,1731997800000,91920.0,91933.09,91785.88,91831.67,294.85092
2024-11-19 06:45:00,1731998700000,91831.67,91980.0,91781.23,91959.11,202.00313
2024-11-19 07:00:00,1731999600000,91959.11,92000.0,91735.0,91745.38,291.22128
2024-11-19 07:15:00,1732000500000,91745.39,91876.0,91600.0,91832.0,244.49027
2024-11-19 07:30:00,1732001400000,91832.0,91979.0,91776.0,91776.0,203.19586
2024-11-19 07:45:00,1732002300000,91776.01,91826.0,91600.0,91620.01,229.63524
2024-11-19 08:00:00,1732003200000,91620.0,91727.28,91521.35,91551.33,221.66116
2024-11-19 08:15:00,1732004100000,91551.33,91712.38,91487.2,91632.3,197.54873
2024-11-19 08:30:00,1732005000000,91632.3,91731.99,91400.03,91473.98,138.17313
2024-11-19 08:45:00,1732005900000,91473.97,91781.0,91473.97,91780.99,208.65838
2024-11-19 09:00:00,1732006800000,91780.99,91950.0,91760.77,91820.0,246.78939
2024-11-19 09:15:00,1732007700000,91820.0,91848.0,91215.35,91224.0,332.27529
2024-11-19 09:30:00,1732008600000,91223.99,91396.53,91200.0,91299.99,333.31728
2024-11-19 09:45:00,1732009500000,91300.0,91825.0,91250.0,91694.38,597.73586
2024-11-19 10:00:00,1732010400000,91694.37,91783.99,91485.04,91614.37,199.83016
2024-11-19 10:15:00,1732011300000,91614.37,91916.24,91612.39,91745.67,243.58344
2024-11-19 10:30:00,1732012200000,91745.67,91745.67,91562.18,91721.97,208.9706
2024-11-19 10:45:00,1732013100000,91721.97,91818.18,91696.96,91750.77,128.20962
2024-11-19 11:00:00,1732014000000,91750.78,91842.89,91666.66,91686.7,178.046
2024-11-19 11:15:00,1732014900000,91686.69,91734.35,91524.0,91528.14,191.22908
2024-11-19 11:30:00,1732015800000,91528.14,91763.54,91528.14,91676.13,208.97837
2024-11-19 11:45:00,1732016700000,91676.13,91720.0,91636.95,91652.02,95.94016
2024-11-19 12:00:00,1732017600000,91652.01,92020.01,91652.01,92020.01,541.5737
2024-11-19 12:15:00,1732018500000,92020.01,92454.09,91985.71,92400.0,900.20051
2024-11-19 12:30:00,1732019400000,92400.0,92500.0,92156.0,92264.01,801.36008
2024-11-19 12:45:00,1732020300000,92264.02,92476.0,92100.0,92467.99,761.29006
2024-11-19 13:00:00,1732021200000,92467.99,92788.0,92384.71,92694.87,1113.46382
2024-11-19 13:15:00,1732022100000,92694.87,92699.98,92139.97,92176.36,991.34449
2024-11-19 13:30:00,1732023000000,92176.36,92176.36,91437.4,91448.82,1214.17467
2024-11-19 13:45:00,1732023900000,91448.83,91666.67,91044.15,91142.28,882.54019
2024-11-19 14:00:00,1732024800000,91142.27,91756.0,90975.8,91724.55,1245.54708
2024-11-19 14:15:00,1732025700000,91724.56,91831.29,91288.0,91540.0,679.07215
2024-11-19 14:30:00,1732026600000,91540.01,91974.36,91153.84,91964.01,778.86196
2024-11-19 14:45:00,1732027500000,91964.0,92381.0,91736.58,91824.0,1018.18988
2024-11-19 15:00:00,1732028400000,91824.0,92256.51,91683.64,92034.45,688.62069
2024-11-19 15:15:00,1732029300000,92034.44,92034.45,91500.0,91652.0,680.28756
2024-11-19 15:30:00,1732030200000,91651.99,92275.0,91500.0,92151.51,789.27628
2024-11-19 15:45:00,1732031100000,92151.51,92446.0,92137.22,92391.99,737.8251
2024-11-19 16:00:00,1732032000000,92391.99,92488.0,92201.04,92227.99,349.84354
2024-11-19 16:15:00,1732032900000,92227.99,92628.9,92202.48,92550.01,467.70812
2024-11-19 16:30:00,1732033800000,92550.02,92620.0,92147.12,92313.84,403.799
2024-11-19 16:45:00,1732034700000,92313.85,92588.0,92206.88,92553.79,347.83486
2024-11-19 17:00:00,1732035600000,92553.78,92912.0,92449.0,92743.19,903.26867
2024-11-19 17:15:00,1732036500000,92743.18,92930.0,92339.26,92840.01,528.77413
2024-11-19 17:30:00,1732037400000,92840.01,93265.8,92708.58,92756.01,1370.51254
2024-11-19 17:45:00,1732038300000,92756.01,92864.0,92500.0,92853.76,695.29355
2024-11-19 18:00:00,1732039200000,92853.75,93287.0,92711.5,93286.99,493.61996
2024-11-19 18:15:00,1732040100000,93286.99,93699.26,92891.72,93663.48,1450.25799
2024-11-19 18:30:00,1732041000000,93663.48,93750.0,93317.4,93648.48,1100.50131
2024-11-19 18:45:00,1732041900000,93648.47,93856.0,93437.92,93646.15,1003.99635
2024-11-19 19:00:00,1732042800000,93646.16,93905.51,93120.47,93867.65,937.9094
2024-11-19 19:15:00,1732043700000,93867.65,93875.99,93500.0,93604.0,516.7459
2024-11-19 19:30:00,1732044600000,93604.01,93723.87,93312.92,93545.53,424.36863
2024-11-19 19:45:00,1732045500000,93545.53,93589.74,93060.0,93227.87,456.34335
2024-11-19 20:00:00,1732046400000,93227.87,93571.08,93070.0,93528.79,343.42573
2024-11-19 20:15:00,1732047300000,93528.79,93546.63,92855.01,93126.5,729.93907
2024-11-19 20:30:00,1732048200000,93126.5,93376.5,92748.45,92966.53,520.30741
2024-11-19 20:45:00,1732049100000,92966.53,93000.0,92165.05,92458.0,849.98318
2024-11-19 21:00:00,1732050000000,92457.99,92748.0,92105.0,92196.0,468.1798
2024-11-19 21:15:00,1732050900000,92196.0,92333.34,91800.0,92199.99,709.33247
2024-11-19 21:30:00,1732051800000,92199.99,92448.48,91909.09,92087.51,570.72173
2024-11-19 21:45:00,1732052700000,92087.51,92414.6,92020.0,92196.82,256.20888
2024-11-19 22:00:00,1732053600000,92196.82,92424.25,92188.94,92360.14,209.48845
2024-11-19 22:15:00,1732054500000,92360.14,92415.99,91891.15,91922.87,323.99208
2024-11-19 22:30:00,1732055400000,91922.87,91922.88,91320.0,91709.8,822.56009
2024-11-19 22:45:00,1732056300000,91709.8,91843.7,91562.37,91826.19,246.56345
2024-11-19 23:00:00,1732057200000,91826.19,91826.2,91585.3,91754.79,314.25301
2024-11-19 23:15:00,1732058100000,91754.79,92118.02,91684.45,92053.94,409.89862
2024-11-19 23:30:00,1732059000000,92053.94,92271.71,92000.0,92228.01,220.0206
2024-11-19 23:45:00,1732059900000,92228.01,92333.77,92093.94,92310.79,190.74927
2024-11-20 00:00:00,1732060800000,92310.8,92418.68,92153.88,92179.5,270.00746
2024-11-20 00:15:00,1732061700000,92179.5,92249.79,92028.0,92042.96,172.72238
2024-11-20 00:30:00,1732062600000,92042.96,92320.0,92000.0,92233.7,190.46121
2024-11-20 00:45:00,1732063500000,92233.69,92260.0,92044.18,92044.19,131.73247
2024-11-20 01:00:00,1732064400000,92044.18,92284.53,92010.0,92072.24,159.48492
2024-11-20 01:15:00,1732065300000,92072.23,92080.0,91732.75,91877.9,304.74254
2024-11-20 01:30:00,1732066200000,91877.91,92121.22,91784.0,91815.46,298.09367
2024-11-20 01:45:00,1732067100000,91815.46,92016.0,91720.0,91976.79,325.57064
2024-11-20 02:00:00,1732068000000,91976.79,91976.8,91580.0,91703.57,311.98992
2024-11-20 02:15:00,1732068900000,91703.57,92028.74,91600.0,91962.34,253.2734
2024-11-20 02:30:00,1732069800000,91962.34,91966.04,91680.0,91900.0,218.8694
2024-11-20 02:45:00,1732070700000,91900.0,91959.95,91712.0,91748.0,118.56923
2024-11-20 03:00:00,1732071600000,91748.0,91800.0,91500.0,91664.82,436.75608
2024-11-20 03:15:00,1732072500000,91664.81,91743.59,91552.0,91743.59,225.00719
2024-11-20 03:30:00,1732073400000,91743.59,92024.0,91705.08,91987.13,388.43245
2024-11-20 03:45:00,1732074300000,91987.13,92066.66,91940.0,92039.99,290.51103
2024-11-20 04:00:00,1732075200000,92039.99,92074.67,91850.0,92074.67,188.99136
2024-11-20 04:15:00,1732076100000,92074.66,92222.0,91959.63,92149.91,182.48866
2024-11-20 04:30:00,1732077000000,92149.91,92271.71,92051.28,92252.01,251.46974
2024-11-20 04:45:00,1732077900000,92252.01,92268.99,92104.0,92121.21,138.97278
2024-11-20 05:00:00,1732078800000,92121.21,92149.0,91958.56,92050.3,114.30316
2024-11-20 05:15:00,1732079700000,92050.3,92477.22,92000.0,92429.23,264.54858
2024-11-20 05:30:00,1732080600000,92429.23,92516.0,92252.0,92294.4,226.92232
2024-11-20 05:45:00,1732081500000,92294.4,92515.15,92254.35,92505.47,147.16233
2024-11-20 06:00:00,1732082400000,92505.47,92654.93,92454.54,92501.22,245.63506
2024-11-20 06:15:00,1732083300000,92501.23,92651.13,92454.24,92562.96,206.74011
2024-11-20 06:30:00,1732084200000,92562.95,92636.0,92400.0,92428.01,172.22478
2024-11-20 06:45:00,1732085100000,92428.0,92472.0,92352.59,92372.95,131.69578
2024-11-20 07:00:00,1732086000000,92372.95,92580.0,92300.0,92568.26,222.11965
2024-11-20 07:15:00,1732086900000,92568.26,92800.0,92548.22,92678.62,393.81193
2024-11-20 07:30:00,1732087800000,92678.61,92784.0,92650.0,92713.65,232.53518
2024-11-20 07:45:00,1732088700000,92713.66,92851.09,92687.48,92850.38,357.55713
2024-11-20 08:00:00,1732089600000,92850.38,92982.53,92720.0,92948.73,438.04611
2024-11-20 08:15:00,1732090500000,92948.73,93076.93,92844.0,93000.01,494.17312
2024-11-20 08:30:00,1732091400000,93000.01,93179.49,92956.35,93179.49,259.64743
2024-11-20 08:45:00,1732092300000,93179.49,93333.33,93119.79,93200.0,670.20505
2024-11-20 09:00:00,1732093200000,93200.0,93475.17,93150.06,93464.01,508.06809
2024-11-20 09:15:00,1732094100000,93464.01,93669.98,93296.23,93296.23,631.96058
2024-11-20 09:30:00,1732095000000,93296.24,93324.0,93027.73,93207.2,332.13342
2024-11-20 09:45:00,1732095900000,93207.2,93272.73,92970.0,93100.01,625.88589
2024-11-20 10:00:00,1732096800000,93100.01,93303.04,93009.98,93239.32,339.01871
2024-11-20 10:15:00,1732097700000,93239.32,93454.55,93239.32,93352.54,305.33086
2024-11-20 10:30:00,1732098600000,93352.54,93499.99,93236.0,93499.99,203.50745
2024-11-20 10:45:00,1732099500000,93499.99,93520.0,93269.98,93278.5,192.25161
2024-11-20 11:00:00,1732100400000,93278.5,93310.85,92812.17,92812.18,322.59506
2024-11-20 11:15:00,1732101300000,92812.18,93264.77,92808.0,93201.67,241.5948
2024-11-20 11:30:00,1732102200000,93201.67,93296.0,93072.0,93271.3,275.59163
2024-11-20 11:45:00,1732103100000,93271.3,93614.98,93241.69,93454.65,376.73907
2024-11-20 12:00:00,1732104000000,93454.65,93635.78,93314.49,93617.73,384.14625
2024-11-20 12:15:00,1732104900000,93617.72,93724.47,93473.73,93645.67,548.63053
2024-11-20 12:30:00,1732105800000,93645.68,93750.0,93479.51,93504.0,424.18026
2024-11-20 12:45:00,1732106700000,93504.01,93716.0,93336.0,93531.95,350.28375
2024-11-20 13:00:00,1732107600000,93531.95,93912.01,93531.94,93912.01,522.63331
2024-11-20 13:15:00,1732108500000,93912.0,94300.61,93856.0,94269.55,1796.75352
2024-11-20 13:30:00,1732109400000,94268.01,94450.1,94012.24,94213.72,935.28102
2024-11-20 13:45:00,1732110300000,94213.72,94585.23,94204.66,94382.88,657.783132
2024-11-20 14:00:00,1732111200000,94382.87,94580.0,94210.0,94341.29,677.72113
2024-11-20 14:15:00,1732112100000,94341.3,94543.05,94058.0,94451.44,651.81691
2024-11-20 14:30:00,1732113000000,94451.43,94727.88,93828.0,94213.7,1513.77706
2024-11-20 14:45:00,1732113900000,94213.71,94750.0,94101.0,94627.41,954.17675
2024-11-20 15:00:00,1732114800000,94627.41,94749.99,94050.0,94312.03,1008.34942
2024-11-20 15:15:00,1732115700000,94312.02,94660.01,94206.71,94544.81,810.49207
2024-11-20 15:30:00,1732116600000,94544.82,94807.62,94465.51,94699.13,762.64655
2024-11-20 15:45:00,1732117500000,94699.13,94785.2,94591.99,94739.97,703.87277
2024-11-20 16:00:00,1732118400000,94739.98,94831.97,94166.66,94316.29,947.35896
2024-11-20 16:15:00,1732119300000,94316.29,94343.93,93501.4,93563.59,1262.54254
2024-11-20 16:30:00,1732120200000,93563.59,93878.0,93316.0,93632.0,979.57073
2024-11-20 16:45:00,1732121100000,93632.0,94109.46,93485.0,94048.0,899.66356
2024-11-20 17:00:00,1732122000000,94048.0,94338.99,93830.97,93969.4,597.59492
2024-11-20 17:15:00,1732122900000,93969.4,94129.2,93594.31,94043.06,570.56852
2024-11-20 17:30:00,1732123800000,94043.06,94199.99,93773.27,94164.01,414.42573
2024-11-20 17:45:00,1732124700000,94164.01,94280.0,93916.33,93916.34,432.32126
2024-11-20 18:00:00,1732125600000,93916.34,94272.35,93800.0,94184.38,599.42325
2024-11-20 18:15:00,1732126500000,94184.38,94242.43,93568.01,93929.47,643.3235
2024-11-20 18:30:00,1732127400000,93929.47,94268.0,93328.41,93391.79,1122.10778
2024-11-20 18:45:00,1732128300000,93391.79,93773.9,93138.0,93684.0,706.61714
2024-11-20 19:00:00,1732129200000,93684.0,93836.0,93428.17,93580.41,389.8888
2024-11-20 19:15:00,1732130100000,93580.41,93700.0,93240.12,93383.99,373.04649
2024-11-20 19:30:00,1732131000000,93383.99,93821.35,93369.5,93799.97,428.28512
2024-11-20 19:45:00,1732131900000,93799.98,94000.0,93709.59,94000.0,394.3686
2024-11-20 20:00:00,1732132800000,94000.0,94235.0,93801.45,93926.23,489.17363
2024-11-20 20:15:00,1732133700000,93926.22,94245.68,93827.72,94191.99,333.92067
2024-11-20 20:30:00,1732134600000,94191.99,94599.98,94186.61,94470.76,927.73129
2024-11-20 20:45:00,1732135500000,94470.76,94534.68,94076.92,94271.99,407.74291
2024-11-20 21:00:00,1732136400000,94271.99,94400.0,93999.48,94064.0,462.06816
2024-11-20 21:15:00,1732137300000,94064.0,94351.17,93900.01,94152.0,377.9855
2024-11-20 21:30:00,1732138200000,94152.0,94499.99,94151.61,94499.98,252.26463
2024-11-20 21:45:00,1732139100000,94499.98,94500.0,94328.08,94365.92,146.55146
2024-11-20 22:00:00,1732140000000,94365.92,94439.08,94309.29,94361.66,158.73687
2024-11-20 22:15:00,1732140900000,94361.65,94490.0,94084.46,94165.76,222.3024
2024-11-20 22:30:00,1732141800000,94165.75,94212.0,93933.62,94089.63,295.60562
2024-11-20 22:45:00,1732142700000,94089.63,94204.31,93969.69,94160.55,107.03124
2024-11-20 23:00:00,1732143600000,94160.56,94212.13,93986.99,94059.11,246.06521
2024-11-20 23:15:00,1732144500000,94059.1,94083.96,93770.07,93959.87,250.83122
2024-11-20 23:30:00,1732145400000,93959.86,94144.52,93864.0,94100.01,117.33315
2024-11-20 23:45:00,1732146300000,94100.01,94286.56,94006.23,94286.56,154.052
2024-11-21 00:00:00,1732147200000,94286.56,94393.94,94194.62,94392.0,215.88723
2024-11-21 00:15:00,1732148100000,94392.0,94855.46,94352.0,94819.92,683.0367
2024-11-21 00:30:00,1732149000000,94819.91,94898.0,94589.74,94864.01,501.6694
2024-11-21 00:45:00,1732149900000,94864.0,94925.66,94600.0,94709.61,363.25806
2024-11-21 01:00:00,1732150800000,94709.62,94926.57,94596.0,94870.19,235.00131
2024-11-21 01:15:00,1732151700000,94870.2,94977.0,94700.0,94900.0,433.25954
2024-11-21 01:30:00,1732152600000,94900.0,94909.1,94674.24,94823.14,231.89439
2024-11-21 01:45:00,1732153500000,94823.14,94887.03,94651.55,94702.49,181.13978
2024-11-21 02:00:00,1732154400000,94702.48,94757.57,94420.0,94659.94,366.29316
2024-11-21 02:15:00,1732155300000,94659.94,94712.8,94106.31,94191.99,467.88316
2024-11-21 02:30:00,1732156200000,94191.99,94359.99,94040.0,94116.0,605.39055
2024-11-21 02:45:00,1732157100000,94116.0,94426.66,94115.99,94404.13,391.10068
2024-11-21 03:00:00,1732158000000,94404.14,94909.08,94400.0,94884.86,704.59393
2024-11-21 03:15:00,1732158900000,94884.86,95700.0,94818.18,95692.0,2005.202165
2024-11-21 03:30:00,1732159800000,95692.0,95895.93,95450.14,95598.51,1213.92671
2024-11-21 03:45:00,1732160700000,95598.51,95904.0,95596.32,95798.12,739.52074
2024-11-21 04:00:00,1732161600000,95798.12,96980.0,95798.11,96940.8,2437.978556
2024-11-21 04:15:00,1732162500000,96940.8,96982.0,96456.51,96456.51,1026.35424
2024-11-21 04:30:00,1732163400000,96456.51,96772.0,96231.27,96700.01,829.79017
2024-11-21 04:45:00,1732164300000,96700.01,97662.36,96543.08,97554.22,1708.487919
2024-11-21 05:00:00,1732165200000,97554.22,97561.98,97200.0,97400.94,829.95203
2024-11-21 05:15:00,1732166100000,97400.95,97719.99,97311.0,97656.92,736.81942
2024-11-21 05:30:00,1732167000000,97656.92,97852.0,97425.7,97551.99,855.279214
2024-11-21 05:45:00,1732167900000,97552.0,97575.99,96692.0,97328.0,1033.0642
2024-11-21 06:00:00,1732168800000,97328.01,97388.0,96968.0,97168.02,541.97447
2024-11-21 06:15:00,1732169700000,97168.01,97384.62,96800.01,97100.52,644.85915
2024-11-21 06:30:00,1732170600000,97100.53,97400.0,97090.9,97366.45,588.64903
2024-11-21 06:45:00,1732171500000,97366.44,97366.45,96945.41,97004.02,510.09711
2024-11-21 07:00:00,1732172400000,97004.03,97165.11,96924.0,97116.51,425.2848
2024-11-21 07:15:00,1732173300000,97116.51,97383.95,97050.0,97127.09,394.55238
2024-11-21 07:30:00,1732174200000,97127.1,97384.62,97033.85,97060.01,353.86842
2024-11-21 07:45:00,1732175100000,97060.01,97100.0,96912.0,96912.01,303.17271
2024-11-21 08:00:00,1732176000000,96912.01,97155.01,96829.37,96954.36,477.90282
2024-11-21 08:15:00,1732176900000,96954.36,97116.0,96800.0,96880.04,277.12767
2024-11-21 08:30:00,1732177800000,96880.03,96930.7,96723.96,96788.24,428.0903
2024-11-21 08:45:00,1732178700000,96788.25,97111.98,96772.0,97107.99,361.92038
2024-11-21 09:00:00,1732179600000,97107.99,97699.76,97024.0,97419.49,734.79106
2024-11-21 09:15:00,1732180500000,97419.49,97600.1,97419.48,97424.0,388.31952
2024-11-21 09:30:00,1732181400000,97424.01,97570.46,97333.33,97531.1,437.81582
2024-11-21 09:45:00,1732182300000,97531.1,97650.0,97440.0,97613.24,520.22785
2024-11-21 10:00:00,1732183200000,97613.24,97692.31,97400.0,97430.01,438.95302
2024-11-21 10:15:00,1732184100000,97430.01,97596.0,97272.18,97526.0,428.44407
2024-11-21 10:30:00,1732185000000,97526.0,97676.0,97520.0,97615.0,534.15478
2024-11-21 10:45:00,1732185900000,97614.99,97787.49,97487.99,97756.0,1092.1816
2024-11-21 11:00:00,1732186800000,97756.0,98384.86,97729.77,98257.33,2354.97675
2024-11-21 11:15:00,1732187700000,98257.32,98339.39,97988.0,98019.99,668.59492
2024-11-21 11:30:00,1732188600000,98020.0,98090.32,97750.31,98007.79,547.63629
2024-11-21 11:45:00,1732189500000,98007.79,98052.0,97806.35,97974.99,357.76418
2024-11-21 12:00:00,1732190400000,97975.0,98250.0,97855.38,97886.25,678.91874
2024-11-21 12:15:00,1732191300000,97886.25,98174.72,97685.07,97950.01,927.31637
2024-11-21 12:30:00,1732192200000,97950.01,98035.99,97700.0,97920.0,605.56331
2024-11-21 12:45:00,1732193100000,97920.01,97944.0,97300.0,97317.93,895.20597
2024-11-21 13:00:00,1732194000000,97317.93,97614.38,97300.01,97449.78,737.40798
2024-11-21 13:15:00,1732194900000,97449.77,97500.0,97019.94,97122.09,848.12436
2024-11-21 13:30:00,1732195800000,97122.09,97743.85,97100.0,97492.02,1033.68513
2024-11-21 13:45:00,1732196700000,97492.02,97625.6,97401.83,97512.01,804.54605
2024-11-21 14:00:00,1732197600000,97512.01,97540.0,97200.0,97424.28,942.31726
2024-11-21 14:15:00,1732198500000,97424.28,97558.37,97171.42,97276.0,989.70636
2024-11-21 14:30:00,1732199400000,97276.0,97365.98,96521.73,97249.99,1589.67193
2024-11-21 14:45:00,1732200300000,97250.0,97681.43,96900.01,97042.86,1015.35614
2024-11-21 15:00:00,1732201200000,97042.85,97044.0,96444.0,96911.99,1516.49547
2024-11-21 15:15:00,1732202100000,96912.0,97124.29,96123.0,96156.0,1424.87138
2024-11-21 15:30:00,1732203000000,96156.0,96417.26,95600.0,96234.52,1754.24521
2024-11-21 15:45:00,1732203900000,96234.52,96928.0,96037.54,96672.0,1086.68732
2024-11-21 16:00:00,1732204800000,96672.0,96909.1,96276.69,96739.75,866.33687
2024-11-21 16:15:00,1732205700000,96739.75,97206.38,96640.0,97147.99,821.07035
2024-11-21 16:30:00,1732206600000,97147.99,97251.64,96950.0,97203.29,981.22607
2024-11-21 16:45:00,1732207500000,97203.29,97400.0,97019.73,97147.99,814.99001
2024-11-21 17:00:00,1732208400000,97147.99,97352.0,96927.42,97295.7,548.80325
2024-11-21 17:15:00,1732209300000,97295.7,97650.0,97273.91,97614.44,448.89909
2024-11-21 17:30:00,1732210200000,97614.44,97651.92,97385.71,97600.0,422.69001
2024-11-21 17:45:00,1732211100000,97600.0,98055.99,97515.43,98048.65,714.00291
2024-11-21 18:00:00,1732212000000,98048.65,98149.05,97668.0,97988.0,903.86695
2024-11-21 18:15:00,1732212900000,97988.01,98338.38,97856.0,98331.12,916.05877
2024-11-21 18:30:00,1732213800000,98331.12,98437.5,97984.4,98074.0,798.03469
2024-11-21 18:45:00,1732214700000,98074.01,98366.72,97906.73,98280.01,719.51216
2024-11-21 19:00:00,1732215600000,98280.02,98800.17,98210.37,98789.52,1092.330703
2024-11-21 19:15:00,1732216500000,98789.52,98988.0,98416.0,98699.38,1457.05574
2024-11-21 19:30:00,1732217400000,98699.38,98818.19,98244.99,98360.0,649.73669
2024-11-21 19:45:00,1732218300000,98360.01,98360.01,97721.96,97829.83,855.16687
2024-11-21 20:00:00,1732219200000,97829.84,98468.75,97776.0,98278.55,525.6102
2024-11-21 20:15:00,1732220100000,98278.56,98686.86,98278.56,98562.89,472.72629
2024-11-21 20:30:00,1732221000000,98562.88,98676.0,97850.0,97901.67,584.2988
2024-11-21 20:45:00,1732221900000,97901.67,98300.0,97608.18,98118.16,634.99374
2024-11-21 21:00:00,1732222800000,98118.16,98178.18,97533.18,98135.4,579.88443
2024-11-21 21:15:00,1732223700000,98135.39,98200.0,97832.01,97949.99,433.63965
2024-11-21 21:30:00,1732224600000,97949.99,98040.0,97625.0,97831.46,588.26126
2024-11-21 21:45:00,1732225500000,97831.46,98012.69,97618.0,97973.8,401.69129
2024-11-21 22:00:00,1732226400000,97973.81,98107.76,97850.0,97888.22,353.67212
2024-11-21 22:15:00,1732227300000,97888.22,98189.98,97888.22,98189.98,216.16628
2024-11-21 22:30:00,1732228200000,98189.98,98261.82,98052.33,98239.13,350.99241
2024-11-21 22:45:00,1732229100000,98239.13,98430.23,98150.0,98356.0,242.46587
2024-11-21 23:00:00,1732230000000,98355.99,98723.65,98333.33,98554.55,536.90339
2024-11-21 23:15:00,1732230900000,98554.55,98615.77,98368.0,98375.98,305.12848
2024-11-21 23:30:00,1732231800000,98375.98,98543.82,98305.34,98536.99,247.05854
2024-11-21 23:45:00,1732232700000,98536.99,98537.0,98308.35,98317.12,286.82526
2024-11-22 00:00:00,1732233600000,98317.12,98516.0,98137.61,98236.01,252.95835
2024-11-22 00:15:00,1732234500000,98236.01,98430.48,98175.0,98430.48,375.27116
2024-11-22 00:30:00,1732235400000,98430.47,98475.92,98035.99,98153.98,376.93178
2024-11-22 00:45:00,1732236300000,98153.99,98153.99,97841.57,97987.57,439.89587
2024-11-22 01:00:00,1732237200000,97987.56,98192.55,97840.0,98171.58,402.23313
2024-11-22 01:15:00,1732238100000,98171.58,98377.26,98108.0,98373.72,304.50216
2024-11-22 01:30:00,1732239000000,98373.71,98373.72,97870.95,97900.0,280.09241
2024-11-22 01:45:00,1732239900000,97900.01,98153.27,97840.0,98081.6,300.99346
2024-11-22 02:00:00,1732240800000,98081.61,98303.04,98039.55,98256.48,293.90954
2024-11-22 02:15:00,1732241700000,98256.48,98387.99,98120.27,98337.65,431.68423
2024-11-22 02:30:00,1732242600000,98337.65,98779.62,98290.9,98580.59,653.84298
2024-11-22 02:45:00,1732243500000,98580.6,98765.81,98465.91,98617.46,388.16036
2024-11-22 03:00:00,1732244400000,98617.46,98969.75,98563.63,98913.57,572.34878
2024-11-22 03:15:00,1732245300000,98913.56,99299.99,98600.03,98656.01,1516.822473
2024-11-22 03:30:00,1732246200000,98656.01,98768.72,98422.33,98647.5,619.69057
2024-11-22 03:45:00,1732247100000,98647.5,98868.35,98647.49,98836.5,323.13765
2024-11-22 04:00:00,1732248000000,98836.49,98983.64,98750.0,98773.96,333.1979
2024-11-22 04:15:00,1732248900000,98773.96,98933.31,98669.97,98871.01,331.93347
2024-11-22 04:30:00,1732249800000,98871.01,99100.0,98781.46,99022.59,338.44103
2024-11-22 04:45:00,1732250700000,99022.58,99023.66,98666.67,98797.21,249.21267
2024-11-22 05:00:00,1732251600000,98797.21,98900.03,98517.21,98799.98,412.94251
2024-11-22 05:15:00,1732252500000,98799.98,98950.0,98600.16,98945.45,296.08441
2024-11-22 05:30:00,1732253400000,98945.46,98988.0,98844.0,98863.1,342.21536
2024-11-22 05:45:00,1732254300000,98863.1,98876.26,98790.96,98790.97,198.6909
2024-11-22 06:00:00,1732255200000,98790.97,98878.79,98678.64,98738.49,218.87996
2024-11-22 06:15:00,1732256100000,98738.61,99030.31,98705.31,98765.97,390.63918
2024-11-22 06:30:00,1732257000000,98765.96,98827.8,98624.41,98827.79,242.35433
2024-11-22 06:45:00,1732257900000,98827.79,99000.0,98750.0,98999.99,288.8621
2024-11-22 07:00:00,1732258800000,99000.0,99074.5,98875.82,98972.72,449.01184
2024-11-22 07:15:00,1732259700000,98972.72,99257.65,98912.24,99232.78,945.21084
2024-11-22 07:30:00,1732260600000,99232.77,99419.99,99198.16,99372.92,928.00438
2024-11-22 07:45:00,1732261500000,99373.89,99376.0,99100.0,99173.7,667.18472
2024-11-22 08:00:00,1732262400000,99173.7,99267.19,98990.12,99023.98,538.91062
2024-11-22 08:15:00,1732263300000,99023.99,99151.52,98875.26,99138.75,473.72769
2024-11-22 08:30:00,1732264200000,99138.75,99144.0,98750.0,98785.49,744.12179
2024-11-22 08:45:00,1732265100000,98785.5,98955.91,98769.23,98815.79,210.48503
2024-11-22 09:00:00,1732266000000,98815.79,98847.79,98550.0,98550.0,459.64968
2024-11-22 09:15:00,1732266900000,98550.0,98705.26,98358.0,98468.92,584.44904
2024-11-22 09:30:00,1732267800000,98468.91,98648.0,98432.88,98559.92,499.42934
2024-11-22 09:45:00,1732268700000,98559.93,98750.43,98456.0,98702.0,372.15867
2024-11-22 10:00:00,1732269600000,98702.01,98768.0,98417.81,98496.01,222.534
2024-11-22 10:15:00,1732270500000,98496.0,98576.0,98256.41,98370.74,293.36501
2024-11-22 10:30:00,1732271400000,98370.75,98696.8,98284.74,98414.48,612.93278
2024-11-22 10:45:00,1732272300000,98414.48,98501.25,98300.0,98400.0,199.26444
2024-11-22 11:00:00,1732273200000,98400.0,98639.46,98219.84,98564.33,386.13509
2024-11-22 11:15:00,1732274100000,98564.32,98772.81,98553.79,98711.34,203.76488
2024-11-22 11:30:00,1732275000000,98711.33,98937.0,98711.33,98820.0,281.41421
2024-11-22 11:45:00,1732275900000,98820.0,98900.0,98725.92,98870.38,208.40576
2024-11-22 12:00:00,1732276800000,98870.39,98949.0,98695.56,98735.99,309.59176
2024-11-22 12:15:00,1732277700000,98735.99,98878.79,98536.0,98705.61,222.00718
2024-11-22 12:30:00,1732278600000,98705.62,98764.0,98545.7,98606.06,228.59832
2024-11-22 12:45:00,1732279500000,98606.06,98769.24,98492.0,98621.04,239.08212
2024-11-22 13:00:00,1732280400000,98621.05,98628.87,98232.0,98344.0,386.00963
2024-11-22 13:15:00,1732281300000,98344.0,98407.99,97592.0,97596.3,1238.22957
2024-11-22 13:30:00,1732282200000,97596.29,98116.0,97344.9,97611.03,1272.04215
2024-11-22 13:45:00,1732283100000,97611.03,98216.16,97428.15,97763.54,943.57952
2024-11-22 14:00:00,1732284000000,97763.54,98147.41,97568.0,98013.04,575.85676
2024-11-22 14:15:00,1732284900000,98013.03,98131.99,97626.32,97664.01,464.66302
2024-11-22 14:30:00,1732285800000,97664.01,98000.0,97331.48,97685.98,1007.41505
2024-11-22 14:45:00,1732286700000,97685.99,97875.0,97122.11,97296.0,1287.2374
2024-11-22 15:00:00,1732287600000,97296.0,97989.97,97155.68,97952.0,877.62689
2024-11-22 15:15:00,1732288500000,97951.99,98415.64,97940.01,98292.34,1035.01009
2024-11-22 15:30:00,1732289400000,98292.34,98745.26,98156.0,98702.2,716.23831
2024-11-22 15:45:00,1732290300000,98702.2,98770.0,98597.04,98664.0,460.74774
2024-11-22 16:00:00,1732291200000,98663.99,98664.0,98220.0,98229.42,500.001
2024-11-22 16:15:00,1732292100000,98229.41,98600.0,98228.44,98508.34,536.20965
2024-11-22 16:30:00,1732293000000,98508.34,98761.07,98400.01,98616.09,561.19415
2024-11-22 16:45:00,1732293900000,98616.08,99010.0,98616.08,98865.3,753.49774
2024-11-22 17:00:00,1732294800000,98865.3,99176.25,98753.66,99144.0,705.43854
2024-11-22 17:15:00,1732295700000,99143.99,99275.0,98950.27,99127.99,522.39356
2024-11-22 17:30:00,1732296600000,99127.99,99174.0,98787.87,98878.78,364.49643
2024-11-22 17:45:00,1732297500000,98878.78,99143.97,98757.57,98801.87,389.43891
2024-11-22 18:00:00,1732298400000,98801.87,99174.0,98781.01,99005.22,400.65617
2024-11-22 18:15:00,1732299300000,99005.22,99132.98,98677.37,98703.0,491.17032
2024-11-22 18:30:00,1732300200000,98703.0,99039.01,98703.0,98933.89,441.23273
2024-11-22 18:45:00,1732301100000,98933.89,99174.0,98828.0,99108.87,427.42474
2024-11-22 19:00:00,1732302000000,99108.87,99384.62,99073.22,99212.12,748.24011
2024-11-22 19:15:00,1732302900000,99212.13,99400.0,99041.11,99361.5,723.1352
2024-11-22 19:30:00,1732303800000,99361.49,99588.01,98838.01,99197.94,1504.22349
2024-11-22 19:45:00,1732304700000,99197.93,99484.0,99052.0,99079.74,472.30347
2024-11-22 20:00:00,1732305600000,99079.74,99330.81,98924.01,99244.0,580.27593
2024-11-22 20:15:00,1732306500000,99244.0,99449.0,99128.5,99242.99,429.71592
2024-11-22 20:30:00,1732307400000,99242.98,99264.0,98950.46,98982.89,411.84082
2024-11-22 20:45:00,1732308300000,98982.89,99282.06,98931.95,99163.99,383.22232
2024-11-22 21:00:00,1732309200000,99164.0,99307.27,98823.52,98999.99,382.27047
2024-11-22 21:15:00,1732310100000,98999.99,99127.24,98711.37,98858.38,219.4307
2024-11-22 21:30:00,1732311000000,98858.37,98990.0,98788.01,98990.0,218.38333
2024-11-22 21:45:00,1732311900000,98990.0,99279.99,98872.0,99272.72,303.72797
2024-11-22 22:00:00,1732312800000,99272.72,99369.99,98844.51,98986.99,332.32456
2024-11-22 22:15:00,1732313700000,98986.99,99064.0,98800.0,98900.01,270.73226
2024-11-22 22:30:00,1732314600000,98900.01,98900.01,98535.0,98600.01,329.99777
2024-11-22 22:45:00,1732315500000,98600.0,98666.66,98559.1,98627.35,256.02288
2024-11-22 23:00:00,1732316400000,98627.36,98871.8,98627.35,98811.03,273.24227
2024-11-22 23:15:00,1732317300000,98811.03,98811.04,98576.85,98743.78,247.88102
2024-11-22 23:30:00,1732318200000,98743.79,98804.93,98634.88,98772.47,159.6678
2024-11-22 23:45:00,1732319100000,98772.47,98904.0,98772.46,98892.0,129.49297
2024-11-23 00:00:00,1732320000000,98892.0,98892.0,98612.5,98688.63,231.69987
2024-11-23 00:15:00,1732320900000,98688.63,98908.85,98668.51,98831.55,278.58716
2024-11-23 00:30:00,1732321800000,98831.54,98891.99,98612.53,98612.54,274.0358
2024-11-23 00:45:00,1732322700000,98612.53,98700.0,98550.02,98634.89,239.38622
2024-11-23 01:00:00,1732323600000,98634.88,98650.0,98520.98,98571.57,271.11349
2024-11-23 01:15:00,1732324500000,98571.58,98600.02,98327.9,98370.67,393.47069
2024-11-23 01:30:00,1732325400000,98370.66,98500.01,98313.48,98404.0,395.53741
2024-11-23 01:45:00,1732326300000,98404.0,98655.72,98368.0,98590.0,286.05068
2024-11-23 02:00:00,1732327200000,98590.0,98590.0,98300.01,98338.59,250.33913
2024-11-23 02:15:00,1732328100000,98338.59,98432.34,98321.38,98432.34,237.74421
2024-11-23 02:30:00,1732329000000,98432.33,98530.0,98300.0,98526.88,295.07604
2024-11-23 02:45:00,1732329900000,98526.88,98604.01,98430.23,98483.54,183.67068
2024-11-23 03:00:00,1732330800000,98483.53,98615.74,98404.02,98615.73,147.65716
2024-11-23 03:15:00,1732331700000,98615.73,98789.98,98583.72,98776.0,182.43862
2024-11-23 03:30:00,1732332600000,98775.99,98800.0,98602.38,98617.48,125.87208
2024-11-23 03:45:00,1732333500000,98617.47,98743.81,98617.47,98666.67,125.63476
2024-11-23 04:00:00,1732334400000,98666.66,98695.95,98518.83,98571.45,447.83099
2024-11-23 04:15:00,1732335300000,98571.45,98686.81,98487.66,98556.64,272.24949
2024-11-23 04:30:00,1732336200000,98556.64,98692.92,98419.76,98419.76,264.94635
2024-11-23 04:45:00,1732337100000,98419.77,98614.62,98284.61,98576.14,264.33412
2024-11-23 05:00:00,1732338000000,98576.14,98635.7,98399.83,98515.29,183.63999
2024-11-23 05:15:00,1732338900000,98515.29,98516.53,98454.54,98488.29,83.28129
2024-11-23 05:30:00,1732339800000,98488.29,98700.0,98424.24,98689.47,182.205
2024-11-23 05:45:00,1732340700000,98689.48,98769.24,98681.51,98755.15,153.90548
2024-11-23 06:00:00,1732341600000,98755.15,98791.66,98672.01,98711.0,165.09335
2024-11-23 06:15:00,1732342500000,98711.0,98711.01,98583.72,98629.77,86.50147
2024-11-23 06:30:00,1732343400000,98629.76,98757.04,98602.0,98750.0,96.82293
2024-11-23 06:45:00,1732344300000,98750.0,98800.0,98699.91,98709.9,219.10221
2024-11-23 07:00:00,1732345200000,98709.9,98719.76,98652.37,98662.6,213.30588
2024-11-23 07:15:00,1732346100000,98662.61,98720.0,98605.15,98605.15,239.64426
2024-11-23 07:30:00,1732347000000,98605.16,98605.16,98408.57,98488.01,290.39808
2024-11-23 07:45:00,1732347900000,98488.01,98592.0,98450.0,98560.85,197.11979
2024-11-23 08:00:00,1732348800000,98560.84,98623.76,98432.38,98452.0,303.7682
2024-11-23 08:15:00,1732349700000,98452.0,98506.95,98381.75,98388.01,346.2824
2024-11-23 08:30:00,1732350600000,98388.0,98523.86,98369.0,98487.24,300.97713
2024-11-23 08:45:00,1732351500000,98487.24,98530.0,98419.55,98451.98,245.0977
2024-11-23 09:00:00,1732352400000,98451.98,98489.22,98395.01,98430.24,248.28377
2024-11-23 09:15:00,1732353300000,98430.24,98432.01,98365.61,98432.0,221.20649
2024-11-23 09:30:00,1732354200000,98432.0,98539.69,98424.24,98424.24,137.15856
2024-11-23 09:45:00,1732355100000,98424.24,98449.07,98359.17,98449.07,133.36548
2024-11-23 10:00:00,1732356000000,98449.06,98564.11,98406.21,98527.82,165.5034
2024-11-23 10:15:00,1732356900000,98527.82,98547.88,98322.22,98349.98,239.30408
2024-11-23 10:30:00,1732357800000,98349.99,98405.15,98300.0,98403.43,172.50673
2024-11-23 10:45:00,1732358700000,98403.43,98464.0,98396.35,98408.55,173.80073
2024-11-23 11:00:00,1732359600000,98408.55,98491.21,98374.25,98425.0,126.03876
2024-11-23 11:15:00,1732360500000,98424.99,98499.0,98387.12,98466.87,154.6983
2024-11-23 11:30:00,1732361400000,98466.87,98523.1,98466.86,98483.0,115.355
2024-11-23 11:45:00,1732362300000,98483.0,98483.0,98415.0,98429.99,93.40432
2024-11-23 12:00:00,1732363200000,98430.0,98539.4,98415.0,98537.97,115.56953
2024-11-23 12:15:00,1732364100000,98537.97,98537.98,98449.7,98515.0,232.69897
2024-11-23 12:30:00,1732365000000,98515.0,98608.0,98465.96,98588.0,181.56298
2024-11-23 12:45:00,1732365900000,98587.99,98619.99,98441.31,98598.75,268.40482
2024-11-23 13:00:00,1732366800000,98598.74,98800.0,98572.0,98800.0,245.31542
2024-11-23 13:15:00,1732367700000,98799.99,98847.68,98738.06,98749.9,238.23758
2024-11-23 13:30:00,1732368600000,98749.91,98800.0,98668.97,98706.82,151.24903
2024-11-23 13:45:00,1732369500000,98706.83,98706.83,98532.08,98532.08,202.61494
2024-11-23 14:00:00,1732370400000,98532.09,98589.0,98465.04,98532.55,239.9517
2024-11-23 14:15:00,1732371300000,98532.55,98724.0,98489.0,98651.2,272.58462
2024-11-23 14:30:00,1732372200000,98651.19,98778.43,98542.44,98732.01,386.08137
2024-11-23 14:45:00,1732373100000,98732.01,98783.85,98647.77,98744.37,255.60255
2024-11-23 15:00:00,1732374000000,98744.37,98779.7,98535.38,98630.25,251.85895
2024-11-23 15:15:00,1732374900000,98630.26,98750.77,98580.0,98669.99,283.04194
2024-11-23 15:30:00,1732375800000,98670.0,98670.0,98415.01,98454.5,408.07782
2024-11-23 15:45:00,1732376700000,98454.5,98488.66,98400.0,98400.0,405.8376
2024-11-23 16:00:00,1732377600000,98400.01,98459.56,98250.0,98250.01,341.52494
2024-11-23 16:15:00,1732378500000,98250.0,98250.0,97564.19,97705.82,1675.21861
2024-11-23 16:30:00,1732379400000,97705.81,97964.0,97533.0,97784.01,883.57046
2024-11-23 16:45:00,1732380300000,97784.0,97857.03,97560.46,97708.85,1107.68069
2024-11-23 17:00:00,1732381200000,97708.85,97708.85,97336.06,97517.83,797.27592
2024-11-23 17:15:00,1732382100000,97517.84,97959.78,97472.98,97940.01,482.85001
2024-11-23 17:30:00,1732383000000,97940.0,98051.29,97888.0,98044.47,544.81728
2024-11-23 17:45:00,1732383900000,98044.47,98044.48,97815.79,97900.79,197.82793
2024-11-23 18:00:00,1732384800000,97900.79,98067.66,97636.36,97900.52,449.92079
2024-11-23 18:15:00,1732385700000,97900.53,97910.82,97670.27,97777.38,143.29388
2024-11-23 18:30:00,1732386600000,97777.38,97784.83,97662.79,97717.28,138.71824
2024-11-23 18:45:00,1732387500000,97717.28,97887.5,97713.95,97839.99,102.82883
2024-11-23 19:00:00,1732388400000,97839.99,97840.0,97588.0,97595.07,137.38796
2024-11-23 19:15:00,1732389300000,97595.08,97666.67,97516.0,97516.74,119.75572
2024-11-23 19:30:00,1732390200000,97516.74,97537.98,97362.0,97412.19,213.16265
2024-11-23 19:45:00,1732391100000,97412.2,97606.52,97396.41,97504.0,150.95036
2024-11-23 20:00:00,1732392000000,97504.0,97504.49,97307.22,97311.0,248.87143
2024-11-23 20:15:00,1732392900000,97311.0,97448.69,97136.0,97193.61,369.94026
2024-11-23 20:30:00,1732393800000,97193.6,97698.84,97164.48,97691.54,315.82808
2024-11-23 20:45:00,1732394700000,97691.54,97712.63,97584.16,97703.52,111.459
2024-11-23 21:00:00,1732395600000,97703.53,97793.19,97544.06,97733.49,176.07967
2024-11-23 21:15:00,1732396500000,97733.49,97793.18,97657.58,97789.36,158.08348
2024-11-23 21:30:00,1732397400000,97789.36,97900.0,97752.84,97887.99,169.43785
2024-11-23 21:45:00,1732398300000,97888.0,98015.82,97867.44,97962.8,146.24525
2024-11-23 22:00:00,1732399200000,97962.81,98015.82,97839.7,97887.99,138.45991
2024-11-23 22:15:00,1732400100000,97887.99,97908.34,97720.45,97765.19,124.57719
2024-11-23 22:30:00,1732401000000,97765.2,97765.2,97534.94,97578.43,135.97006
2024-11-23 22:45:00,1732401900000,97578.44,97744.11,97508.83,97631.99,98.13011
2024-11-23 23:00:00,1732402800000,97632.0,97716.08,97536.0,97698.91,109.9264
2024-11-23 23:15:00,1732403700000,97698.91,97727.28,97402.87,97455.87,141.52317
2024-11-23 23:30:00,1732404600000,97455.88,97657.68,97444.27,97637.26,102.79349
2024-11-23 23:45:00,1732405500000,97637.25,97712.82,97509.3,97672.4,129.5985
2024-11-24 00:00:00,1732406400000,97672.4,97900.0,97620.74,97817.74,192.20027
2024-11-24 00:15:00,1732407300000,97817.73,97998.95,97800.0,97989.99,251.17823
2024-11-24 00:30:00,1732408200000,97989.99,97990.0,97776.15,97820.85,268.23965
2024-11-24 00:45:00,1732409100000,97820.84,97969.7,97784.0,97919.5,248.53029
2024-11-24 01:00:00,1732410000000,97919.51,98400.0,97919.5,98327.14,488.11203
2024-11-24 01:15:00,1732410900000,98327.13,98385.0,98056.0,98169.76,238.27978
2024-11-24 01:30:00,1732411800000,98169.77,98276.16,98051.23,98105.0,260.205
2024-11-24 01:45:00,1732412700000,98105.01,98276.16,98105.01,98182.4,244.30823
2024-11-24 02:00:00,1732413600000,98182.4,98500.0,98182.4,98476.72,357.40215
2024-11-24 02:15:00,1732414500000,98476.72,98534.79,98330.75,98525.79,344.7616
2024-11-24 02:30:00,1732415400000,98525.79,98564.0,98436.0,98453.84,276.81197
2024-11-24 02:45:00,1732416300000,98453.85,98487.37,98372.0,98390.66,161.55547
2024-11-24 03:00:00,1732417200000,98390.66,98418.41,98226.22,98399.99,173.83993
2024-11-24 03:15:00,1732418100000,98400.0,98428.0,98225.59,98280.0,159.88302
2024-11-24 03:30:00,1732419000000,98280.0,98280.01,98154.0,98174.69,199.25168
2024-11-24 03:45:00,1732419900000,98174.7,98237.77,98105.01,98200.1,125.02208
2024-11-24 04:00:00,1732420800000,98200.1,98260.0,98141.06,98192.0,95.9544
2024-11-24 04:15:00,1732421700000,98192.0,98192.01,97995.76,98111.43,167.30585
2024-11-24 04:30:00,1732422600000,98111.44,98136.0,97872.2,98022.14,185.68649
2024-11-24 04:45:00,1732423500000,98022.15,98169.31,97995.03,98169.21,136.40339
2024-11-24 05:00:00,1732424400000,98169.22,98256.0,98132.45,98216.04,154.31394
2024-11-24 05:15:00,1732425300000,98216.04,98269.99,98132.45,98151.0,94.78809
2024-11-24 05:30:00,1732426200000,98151.01,98151.01,97915.0,97915.0,200.01198
2024-11-24 05:45:00,1732427100000,97915.0,98269.48,97915.0,98264.44,288.24661
2024-11-24 06:00:00,1732428000000,98264.44,98322.8,98163.14,98163.14,324.29406
2024-11-24 06:15:00,1732428900000,98163.14,98295.62,98028.17,98227.48,321.73814
2024-11-24 06:30:00,1732429800000,98227.49,98282.98,98212.21,98226.33,296.64632
2024-11-24 06:45:00,1732430700000,98226.33,98412.14,98226.33,98360.02,187.28941
2024-11-24 07:00:00,1732431600000,98360.03,98410.04,98305.31,98381.45,279.39509
2024-11-24 07:15:00,1732432500000,98381.45,98389.41,98200.01,98206.49,260.29232
2024-11-24 07:30:00,1732433400000,98206.49,98390.55,98168.62,98319.6,329.13483
2024-11-24 07:45:00,1732434300000,98319.6,98431.06,98248.5,98431.05,261.84923
2024-11-24 08:00:00,1732435200000,98431.05,98472.98,98324.01,98403.37,295.7981
2024-11-24 08:15:00,1732436100000,98403.36,98428.0,98248.0,98272.72,209.13313
2024-11-24 08:30:00,1732437000000,98272.72,98272.73,98081.12,98081.12,134.18347
2024-11-24 08:45:00,1732437900000,98081.12,98100.0,97945.0,98067.75,284.48514
2024-11-24 09:00:00,1732438800000,98067.75,98195.75,98064.62,98173.91,152.46432
2024-11-24 09:15:00,1732439700000,98173.92,98180.49,97816.23,97896.01,302.87197
2024-11-24 09:30:00,1732440600000,97896.02,97969.7,97818.16,97969.7,127.22514
2024-11-24 09:45:00,1732441500000,97969.7,98016.0,97920.21,97936.47,117.94017
2024-11-24 10:00:00,1732442400000,97936.47,97974.12,97844.05,97866.8,109.06479
2024-11-24 10:15:00,1732443300000,97866.81,97920.56,97800.0,97862.41,145.24154
2024-11-24 10:30:00,1732444200000,97862.42,97882.12,97555.0,97583.99,187.31907
2024-11-24 10:45:00,1732445100000,97583.99,97750.0,97435.89,97668.85,268.03159
2024-11-24 11:00:00,1732446000000,97668.85,97732.01,97325.0,97493.5,363.34347
2024-11-24 11:15:00,1732446900000,97493.5,97666.66,97275.0,97424.49,307.51119
2024-11-24 11:30:00,1732447800000,97424.5,97543.14,97284.0,97496.96,247.36286
2024-11-24 11:45:00,1732448700000,97496.97,97544.16,97239.29,97280.03,354.94577
2024-11-24 12:00:00,1732449600000,97280.04,97430.02,97205.0,97360.63,328.71861
2024-11-24 12:15:00,1732450500000,97360.64,97370.24,97027.06,97202.32,347.93957
2024-11-24 12:30:00,1732451400000,97202.32,97202.32,96416.19,96622.75,1697.70443
2024-11-24 12:45:00,1732452300000,96622.75,96900.0,96403.78,96899.99,824.72591
2024-11-24 13:00:00,1732453200000,96899.99,97339.32,96726.0,97217.36,742.19083
2024-11-24 13:15:00,1732454100000,97217.37,97530.78,97167.99,97508.81,326.99048
2024-11-24 13:30:00,1732455000000,97508.82,97606.52,97217.07,97217.07,292.32479
2024-11-24 13:45:00,1732455900000,97217.08,97416.0,97133.03,97214.93,280.44711
2024-11-24 14:00:00,1732456800000,97214.93,97214.94,96707.43,96707.43,442.92962
2024-11-24 14:15:00,1732457700000,96707.43,96873.96,96600.0,96608.96,582.12955
2024-11-24 14:30:00,1732458600000,96608.96,97130.24,96577.52,96891.44,614.30059
2024-11-24 14:45:00,1732459500000,96891.44,97108.67,96797.27,97029.95,258.91879
2024-11-24 15:00:00,1732460400000,97029.96,97091.31,96729.5,96940.7,417.1174
2024-11-24 15:15:00,1732461300000,96940.69,96940.69,96466.48,96643.99,494.63049
2024-11-24 15:30:00,1732462200000,96643.99,96720.24,96150.0,96343.94,910.17282
2024-11-24 15:45:00,1732463100000,96343.94,96343.95,95900.01,95901.51,821.07822
2024-11-24 16:00:00,1732464000000,95901.52,96310.63,95734.77,96130.01,1087.02235
2024-11-24 16:15:00,1732464900000,96130.0,96514.98,95958.15,96514.98,447.25766
2024-11-24 16:30:00,1732465800000,96514.98,96515.99,96228.57,96508.0,394.34432
2024-11-24 16:45:00,1732466700000,96508.0,96747.98,96369.0,96404.0,382.27139
2024-11-24 17:00:00,1732467600000,96403.99,96414.64,95901.0,95901.0,618.15663
2024-11-24 17:15:00,1732468500000,95901.01,96035.94,95820.0,95860.74,349.4919
2024-11-24 17:30:00,1732469400000,95860.75,95999.0,95747.57,95779.25,358.69176
2024-11-24 17:45:00,1732470300000,95779.26,96133.8,95757.06,95902.83,322.887
2024-11-24 18:00:00,1732471200000,95902.83,96135.74,95832.36,96052.01,201.86443
2024-11-24 18:15:00,1732472100000,96052.0,96267.65,96052.0,96200.01,226.05423
2024-11-24 18:30:00,1732473000000,96200.01,96400.0,96176.0,96370.01,199.18724
2024-11-24 18:45:00,1732473900000,96370.02,96563.87,96360.0,96537.56,239.87732
2024-11-24 19:00:00,1732474800000,96537.56,96537.57,96120.92,96260.0,343.22992
2024-11-24 19:15:00,1732475700000,96260.01,96356.21,96148.65,96235.03,281.89715
2024-11-24 19:30:00,1732476600000,96235.03,96383.37,96212.0,96324.0,112.35127
2024-11-24 19:45:00,1732477500000,96324.01,96382.93,96295.44,96320.02,98.28503
2024-11-24 20:00:00,1732478400000,96320.01,96410.26,96195.47,96362.4,137.40985
2024-11-24 20:15:00,1732479300000,96362.41,96712.53,96328.01,96712.53,207.22838
2024-11-24 20:30:00,1732480200000,96712.53,96785.58,96636.39,96780.0,227.38818
2024-11-24 20:45:00,1732481100000,96779.99,96844.46,96675.26,96826.49,145.89459
2024-11-24 21:00:00,1732482000000,96826.48,96844.0,96591.17,96619.68,146.1667
2024-11-24 21:15:00,1732482900000,96619.68,96786.96,96597.89,96712.4,251.81259
2024-11-24 21:30:00,1732483800000,96712.41,96888.29,96652.02,96868.75,231.55127
2024-11-24 21:45:00,1732484700000,96868.76,96997.32,96817.68,96974.89,156.14795
2024-11-24 22:00:00,1732485600000,96974.89,97466.07,96974.89,97437.54,341.12775
2024-11-24 22:15:00,1732486500000,97437.53,97801.49,97437.53,97560.0,507.75162
2024-11-24 22:30:00,1732487400000,97560.0,97760.0,97334.78,97620.33,418.07333
2024-11-24 22:45:00,1732488300000,97620.32,98000.0,97509.3,97999.99,232.75356
2024-11-24 23:00:00,1732489200000,97999.99,98366.0,97918.6,98252.0,718.09452
2024-11-24 23:15:00,1732490100000,98252.0,98369.46,97988.1,97992.01,351.85661
2024-11-24 23:30:00,1732491000000,97992.01,97992.01,97531.0,97696.04,482.81199
2024-11-24 23:45:00,1732491900000,97696.04,98041.14,97600.0,97900.04,419.86743
2024-11-25 00:00:00,1732492800000,97900.05,97968.58,97654.11,97694.5,342.24051
2024-11-25 00:15:00,1732493700000,97694.5,97913.49,97624.0,97624.0,206.56921
2024-11-25 00:30:00,1732494600000,97624.01,97844.61,97518.28,97780.54,248.55148
2024-11-25 00:45:00,1732495500000,97780.54,98050.0,97714.28,97714.28,241.5374
2024-11-25 01:00:00,1732496400000,97714.28,97840.0,97518.13,97555.86,315.67258
2024-11-25 01:15:00,1732497300000,97555.85,97628.0,96888.0,97081.61,462.42142
2024-11-25 01:30:00,1732498200000,97081.62,97260.0,96914.21,97259.99,394.52869
2024-11-25 01:45:00,1732499100000,97260.0,97325.59,97139.0,97205.23,190.71508
2024-11-25 02:00:00,1732500000000,97205.22,97488.0,97202.53,97486.95,181.79098
2024-11-25 02:15:00,1732500900000,97486.95,97714.28,97457.99,97594.01,210.23869
2024-11-25 02:30:00,1732501800000,97594.02,97680.0,97392.57,97590.52,204.8461
2024-11-25 02:45:00,1732502700000,97590.51,97616.74,97297.36,97368.63,175.7024
2024-11-25 03:00:00,1732503600000,97368.62,97506.51,97339.16,97476.32,148.36299
2024-11-25 03:15:00,1732504500000,97476.32,97785.0,97461.01,97626.17,180.14533
2024-11-25 03:30:00,1732505400000,97626.18,97786.99,97529.74,97735.59,137.45248
2024-11-25 03:45:00,1732506300000,97735.59,97898.81,97735.59,97898.8,197.48802
2024-11-25 04:00:00,1732507200000,97898.81,98050.0,97832.0,98009.93,447.33997
2024-11-25 04:15:00,1732508100000,98009.93,98009.93,97644.0,97730.44,248.52552
2024-11-25 04:30:00,1732509000000,97730.44,97806.24,97689.65,97776.0,185.48431
2024-11-25 04:45:00,1732509900000,97776.0,97800.0,97491.66,97800.0,227.19942
2024-11-25 05:00:00,1732510800000,97799.99,97976.97,97776.39,97949.01,289.93047
2024-11-25 05:15:00,1732511700000,97949.02,98190.0,97949.01,98130.01,506.05983
2024-11-25 05:30:00,1732512600000,98130.01,98239.43,98000.0,98100.0,350.79652
2024-11-25 05:45:00,1732513500000,98099.99,98144.0,98004.34,98082.69,275.31341
2024-11-25 06:00:00,1732514400000,98082.69,98340.0,98055.2,98260.39,444.61586
2024-11-25 06:15:00,1732515300000,98260.38,98376.99,98213.5,98252.47,427.42635
2024-11-25 06:30:00,1732516200000,98252.47,98288.0,98123.25,98206.5,276.55724
2024-11-25 06:45:00,1732517100000,98206.49,98234.5,98037.0,98082.86,168.47661
2024-11-25 07:00:00,1732518000000,98082.87,98223.5,98044.85,98219.98,182.94745
2024-11-25 07:15:00,1732518900000,98219.97,98271.63,97900.0,97985.46,276.97707
